16,16,512,1,8192,5,0,0,5,11,12,192,0.002227,0.015592,4.612427,21313.007812,160.170334,0.764536,0.766243
16,16,1024,1,8192,5,0,0,5,11,12,96,0.004387,0.030706,4.650964,21136.269531,160.969772,0.768352,0.771737
16,16,2048,1,8192,5,0,0,5,11,12,48,0.008512,0.059582,4.745800,20714.000000,161.924133,0.772907,0.779543
16,16,4096,1,8192,6,0,0,6,10,11,22,0.016066,0.112464,4.885572,18445.261719,151.616135,0.723705,0.735522
16,16,8192,1,8192,6,0,0,6,10,10,10,0.028884,0.202189,4.891616,16747.140625,151.144501,0.721453,0.742912
16,16,16384,1,8192,20,0,4,16,12,4,4,0.062136,0.331392,4.861803,13479.787109,143.367065,0.684330,0.729668
16,16,32768,1,8192,52,0,45,7,12,2,2,0.127089,0.473479,6.884641,9519.161133,131.906372,0.629625,0.721293
16,16,65536,1,8192,116,77,39,0,12,1,1,0.175476,0.649431,11.174866,5864.625488,119.048271,0.568250,0.689185
16,16,131072,1,0,0,0,0,0,0,0,0,0,0,0,0,0,0,0
16,16,262144,1,0,0,0,0,0,0,0,0,0,0,0,0,0,0,0
16,16,524288,1,0,0,0,0,0,0,0,0,0,0,0,0,0,0,0
16,16,1048576,1,0,0,0,0,0,0,0,0,0,0,0,0,0,0,0
16,20,512,1,8192,0,0,0,0,16,12,192,0.002227,0.015592,4.380675,22440.390625,168.642761,0.804977,0.806774
16,20,1024,1,8192,0,0,0,0,16,12,96,0.004387,0.030706,4.443522,22122.992188,168.484451,0.804222,0.807765
16,20,2048,1,8192,0,0,0,0,16,12,48,0.008512,0.059582,4.604596,21349.103516,166.888809,0.796605,0.803444
16,20,4096,1,8192,0,0,0,0,16,11,22,0.016066,0.112464,4.619630,19506.359375,160.338120,0.765337,0.777834
16,20,8192,1,8192,0,0,0,0,16,10,10,0.028884,0.202189,4.816122,17009.597656,153.513214,0.732760,0.754555
16,20,16384,1,8192,12,0,0,12,20,4,4,0.048053,0.336368,4.781226,13706.978516,145.783401,0.695863,0.730989
16,20,32768,1,8192,43,0,36,7,21,2,2,0.116585,0.479176,6.823150,9604.967773,133.095383,0.635300,0.719142
16,20,65536,1,8192,107,68,39,0,21,1,1,0.168464,0.650316,10.838873,6046.568359,122.741608,0.585879,0.704574
16,20,131072,1,0,0,0,0,0,0,0,0,0,0,0,0,0,0,0
16,20,262144,1,0,0,0,0,0,0,0,0,0,0,0,0,0,0,0
16,20,524288,1,0,0,0,0,0,0,0,0,0,0,0,0,0,0,0
16,20,1048576,1,0,0,0,0,0,0,0,0,0,0,0,0,0,0,0
16,24,512,1,8192,0,0,0,0,16,12,192,0.002227,0.015592,4.382008,22433.558594,168.591431,0.804732,0.806529
16,24,1024,1,8192,0,0,0,0,16,12,96,0.004387,0.030706,4.439680,22142.277344,168.631317,0.804923,0.808469
16,24,2048,1,8192,0,0,0,0,16,12,48,0.008512,0.059582,4.607644,21335.011719,166.778641,0.796079,0.802914
16,24,4096,1,8192,0,0,0,0,16,11,22,0.016066,0.112464,4.630988,19458.492188,159.944687,0.763459,0.775925
16,24,8192,1,8192,0,0,0,0,16,10,10,0.028884,0.202189,4.830715,16958.250000,153.049789,0.730548,0.752277
16,24,16384,1,8192,4,0,0,4,28,4,4,0.048053,0.336368,4.776842,13719.560547,145.917221,0.696502,0.731660
16,24,32768,1,8192,34,0,27,7,30,2,2,0.105826,0.485013,6.743839,9717.916016,134.660507,0.642771,0.718843
16,24,65536,1,8192,97,58,39,0,31,1,1,0.156434,0.649614,10.696872,6126.850586,124.371300,0.593658,0.703748
16,24,131072,1,0,0,0,0,0,0,0,0,0,0,0,0,0,0,0
16,24,262144,1,0,0,0,0,0,0,0,0,0,0,0,0,0,0,0
16,24,524288,1,0,0,0,0,0,0,0,0,0,0,0,0,0,0,0
16,24,1048576,1,0,0,0,0,0,0,0,0,0,0,0,0,0,0,0
16,28,512,1,8192,0,0,0,0,16,12,192,0.002227,0.015592,4.373392,22477.851562,168.924286,0.806321,0.808121
16,28,1024,1,8192,0,0,0,0,16,12,96,0.004387,0.030706,4.439556,22142.796875,168.635284,0.804942,0.808488
16,28,2048,1,8192,0,0,0,0,16,12,48,0.008512,0.059582,4.598457,21377.710938,167.112442,0.797673,0.804521
16,28,4096,1,8192,0,0,0,0,16,11,22,0.016066,0.112464,4.636771,19434.238281,159.745300,0.762507,0.774958
16,28,8192,1,8192,0,0,0,0,16,10,10,0.028884,0.202189,4.830588,16958.603516,153.052994,0.730563,0.752293
16,28,16384,1,8192,0,0,0,0,32,4,4,0.048053,0.336368,4.757825,13774.451172,146.501022,0.699289,0.734588
16,28,32768,1,8192,25,0,18,7,39,2,2,0.094801,0.490993,6.669050,9826.888672,136.170532,0.649979,0.718051
16,28,65536,1,8192,88,49,39,0,40,1,1,0.149840,0.650828,10.637892,6160.622070,125.056816,0.596930,0.702138
16,28,131072,1,0,0,0,0,0,0,0,0,0,0,0,0,0,0,0
16,28,262144,1,0,0,0,0,0,0,0,0,0,0,0,0,0,0,0
16,28,524288,1,0,0,0,0,0,0,0,0,0,0,0,0,0,0,0
16,28,1048576,1,0,0,0,0,0,0,0,0,0,0,0,0,0,0,0
16,30,512,1,8192,0,0,0,0,16,12,192,0.002227,0.015592,4.372799,22480.816406,168.946564,0.806428,0.808228
16,30,1024,1,8192,0,0,0,0,16,12,96,0.004387,0.030706,4.449677,22092.480469,168.252090,0.803113,0.806651
16,30,2048,1,8192,0,0,0,0,16,12,48,0.008512,0.059582,4.604320,21350.384766,166.898819,0.796653,0.803492
16,30,4096,1,8192,0,0,0,0,16,11,22,0.016066,0.112464,4.624558,19485.554688,160.167114,0.764521,0.777004
16,30,8192,1,8192,0,0,0,0,16,10,10,0.028884,0.202189,4.817143,17005.935547,153.480164,0.732602,0.754392
16,30,16384,1,8192,0,0,0,0,32,4,4,0.048053,0.336368,4.748426,13801.652344,146.790329,0.700670,0.736038
16,30,32768,1,8192,20,0,13,7,44,2,2,0.088558,0.494379,6.612818,9910.453125,137.328476,0.655506,0.719196
16,30,65536,1,8192,83,44,39,0,45,1,1,0.142838,0.650166,10.515862,6232.397949,126.513832,0.603885,0.704516
16,30,131072,1,0,0,0,0,0,0,0,0,0,0,0,0,0,0,0
16,30,262144,1,0,0,0,0,0,0,0,0,0,0,0,0,0,0,0
16,30,524288,1,0,0,0,0,0,0,0,0,0,0,0,0,0,0,0
16,30,1048576,1,0,0,0,0,0,0,0,0,0,0,0,0,0,0,0
32,16,512,1,8192,5,0,0,5,11,12,192,0.002227,0.015592,4.587102,21430.531250,161.053528,0.768752,0.770468
32,16,1024,1,8192,5,0,0,5,11,12,96,0.004387,0.030706,4.627980,21242.406250,161.778061,0.772210,0.775613
32,16,2048,1,8192,5,0,0,5,11,12,48,0.008512,0.059582,4.752419,20685.605469,161.702164,0.771848,0.778474
32,16,4096,1,8192,6,0,0,6,10,11,22,0.016066,0.112464,4.894859,18409.566406,151.322723,0.722304,0.734098
32,16,8192,1,8192,6,0,0,6,10,10,10,0.028884,0.202189,4.852289,16882.773438,152.368607,0.727296,0.748929
32,16,16384,1,8192,20,0,0,20,12,4,4,0.048053,0.336368,4.830141,13568.146484,144.306839,0.688815,0.723586
32,16,32768,1,8192,52,0,0,52,12,2,2,0.071915,0.503406,6.587815,9948.063477,137.849640,0.657993,0.708980
32,16,65536,1,8192,116,0,74,42,12,1,1,0.125886,0.647311,10.574932,6197.318359,125.801743,0.600486,0.686965
32,16,131072,1,8192,247,0,239,8,9,1,1,0.143240,0.776220,35.319592,3711.201660,123.153580,0.587845,0.686126
32,16,262144,1,0,0,0,0,0,0,0,0,0,0,0,0,0,0,0
32,16,524288,1,0,0,0,0,0,0,0,0,0,0,0,0,0,0,0
32,16,1048576,1,0,0,0,0,0,0,0,0,0,0,0,0,0,0,0
32,20,512,1,8192,0,0,0,0,16,12,192,0.002227,0.015592,4.368426,22503.304688,169.115585,0.807234,0.809036
32,20,1024,1,8192,0,0,0,0,16,12,96,0.004387,0.030706,4.438255,22149.285156,168.684708,0.805178,0.808725
32,20,2048,1,8192,0,0,0,0,16,12,48,0.008512,0.059582,4.601732,21362.478516,166.993362,0.797104,0.803947
32,20,4096,1,8192,0,0,0,0,16,11,22,0.016066,0.112464,4.631972,19454.669922,159.913239,0.763309,0.775773
32,20,8192,1,8192,0,0,0,0,16,10,10,0.028884,0.202189,4.825512,16976.447266,153.214035,0.731332,0.753084
32,20,16384,1,8192,12,0,0,12,20,4,4,0.048053,0.336368,4.780170,13710.069336,145.816284,0.696020,0.731154
32,20,32768,1,8192,43,0,0,43,21,2,2,0.071915,0.503406,6.568896,9976.736328,138.246948,0.659890,0.711023
32,20,65536,1,8192,107,0,65,42,21,1,1,0.122319,0.649952,10.361519,6325.240234,128.398483,0.612881,0.698296
32,20,131072,1,8192,237,0,229,8,19,1,1,0.142079,0.777272,35.190262,3724.854736,123.606644,0.590008,0.687718
32,20,262144,1,0,0,0,0,0,0,0,0,0,0,0,0,0,0,0
32,20,524288,1,0,0,0,0,0,0,0,0,0,0,0,0,0,0,0
32,20,1048576,1,0,0,0,0,0,0,0,0,0,0,0,0,0,0,0
32,24,512,1,8192,0,0,0,0,16,12,192,0.002227,0.015592,4.368357,22503.707031,169.118622,0.807249,0.809051
32,24,1024,1,8192,0,0,0,0,16,12,96,0.004387,0.030706,4.445846,22111.451172,168.396561,0.803802,0.807344
32,24,2048,1,8192,0,0,0,0,16,12,48,0.008512,0.059582,4.607604,21335.226562,166.780319,0.796088,0.802922
32,24,4096,1,8192,0,0,0,0,16,11,22,0.016066,0.112464,4.624878,19484.236328,160.156281,0.764469,0.776952
32,24,8192,1,8192,0,0,0,0,16,10,10,0.028884,0.202189,4.817658,17004.146484,153.464020,0.732525,0.754313
32,24,16384,1,8192,4,0,0,4,28,4,4,0.048053,0.336368,4.774730,13725.744141,145.982986,0.696816,0.731990
32,24,32768,1,8192,34,0,0,34,30,2,2,0.071915,0.503406,6.563318,9985.213867,138.364426,0.660451,0.711628
32,24,65536,1,8192,97,0,55,42,31,1,1,0.118322,0.652912,10.313827,6354.471680,128.991867,0.615713,0.698342
32,24,131072,1,8192,227,0,219,8,29,1,1,0.140914,0.778327,35.141869,3729.984863,123.776878,0.590820,0.687732
32,24,262144,1,0,0,0,0,0,0,0,0,0,0,0,0,0,0,0
32,24,524288,1,0,0,0,0,0,0,0,0,0,0,0,0,0,0,0
32,24,1048576,1,0,0,0,0,0,0,0,0,0,0,0,0,0,0,0
32,28,512,1,8192,0,0,0,0,16,12,192,0.002227,0.015592,4.373445,22477.630859,168.922638,0.806313,0.808113
32,28,1024,1,8192,0,0,0,0,16,12,96,0.004387,0.030706,4.451466,22083.521484,168.183838,0.802787,0.806324
32,28,2048,1,8192,0,0,0,0,16,12,48,0.008512,0.059582,4.595040,21393.503906,167.235886,0.798262,0.805115
32,28,4096,1,8192,0,0,0,0,16,11,22,0.016066,0.112464,4.621732,19497.464844,160.265030,0.764988,0.777479
32,28,8192,1,8192,0,0,0,0,16,10,10,0.028884,0.202189,4.825075,16978.007812,153.228088,0.731399,0.753153
32,28,16384,1,8192,0,0,0,0,32,4,4,0.048053,0.336368,4.751381,13793.052734,146.698868,0.700233,0.735580
32,28,32768,1,8192,25,0,0,25,39,2,2,0.071915,0.503406,6.540671,10019.878906,138.844772,0.662744,0.714098
32,28,65536,1,8192,88,0,46,42,40,1,1,0.114693,0.655600,10.333965,6341.818359,128.735001,0.614487,0.694095
32,28,131072,1,8192,217,0,209,8,39,1,1,0.139747,0.779385,34.982307,3746.995117,124.341347,0.593515,0.689930
32,28,262144,1,0,0,0,0,0,0,0,0,0,0,0,0,0,0,0
32,28,524288,1,0,0,0,0,0,0,0,0,0,0,0,0,0,0,0
32,28,1048576,1,0,0,0,0,0,0,0,0,0,0,0,0,0,0,0
32,30,512,1,8192,0,0,0,0,16,12,192,0.002227,0.015592,4.381585,22435.718750,168.607666,0.804810,0.806607
32,30,1024,1,8192,0,0,0,0,16,12,96,0.004387,0.030706,4.442146,22129.851562,168.536682,0.804471,0.808015
32,30,2048,1,8192,0,0,0,0,16,12,48,0.008512,0.059582,4.600470,21368.271484,167.038620,0.797320,0.804165
32,30,4096,1,8192,0,0,0,0,16,11,22,0.016066,0.112464,4.628082,19470.808594,160.045898,0.763942,0.776416
32,30,8192,1,8192,0,0,0,0,16,10,10,0.028884,0.202189,4.820202,16995.187500,153.383179,0.732139,0.753915
32,30,16384,1,8192,0,0,0,0,32,4,4,0.048053,0.336368,4.754174,13785.099609,146.614258,0.699829,0.735155
32,30,32768,1,8192,20,0,0,20,44,2,2,0.071915,0.503406,6.537305,10024.927734,138.914749,0.663078,0.714458
32,30,65536,1,8192,83,0,41,42,45,1,1,0.112664,0.657102,10.323257,6348.405273,128.868713,0.615125,0.693227
32,30,131072,1,8192,212,0,204,8,44,1,1,0.139162,0.779915,35.260574,3717.245117,123.354118,0.588802,0.683987
32,30,262144,1,0,0,0,0,0,0,0,0,0,0,0,0,0,0,0
32,30,524288,1,0,0,0,0,0,0,0,0,0,0,0,0,0,0,0
32,30,1048576,1,0,0,0,0,0,0,0,0,0,0,0,0,0,0,0
48,16,512,1,8192,5,0,0,5,11,12,192,0.002227,0.015592,4.564712,21536.089844,161.846817,0.772539,0.774263
48,16,1024,1,8192,5,0,0,5,11,12,96,0.004387,0.030706,4.630226,21230.990234,161.691116,0.771795,0.775196
48,16,2048,1,8192,5,0,0,5,11,12,48,0.008512,0.059582,4.740847,20735.779297,162.094376,0.773720,0.780362
48,16,4096,1,8192,6,0,0,6,10,11,22,0.016066,0.112464,4.867544,18512.968750,152.172668,0.726361,0.738222
48,16,8192,1,8192,6,0,0,6,10,10,10,0.028884,0.202189,4.900499,16717.208984,150.874390,0.720164,0.741584
48,16,16384,1,8192,20,0,0,20,12,4,4,0.048053,0.336368,4.806228,13635.656250,145.024841,0.692243,0.727186
48,16,32768,1,8192,52,0,0,52,12,2,2,0.071915,0.503406,6.581387,9957.844727,137.985168,0.658640,0.709677
48,16,65536,1,8192,116,0,23,93,12,1,1,0.105283,0.662569,10.393545,6305.452148,127.996796,0.610963,0.682856
48,16,131072,1,8192,247,0,188,59,9,1,1,0.137284,0.781615,35.129364,3731.287842,123.820114,0.591027,0.685077
48,16,262144,1,8192,510,84,426,0,2,1,1,0.147930,0.873515,128.776535,2035.661621,120.010582,0.572843,0.672295
48,16,524288,1,0,0,0,0,0,0,0,0,0,0,0,0,0,0,0
48,16,1048576,1,0,0,0,0,0,0,0,0,0,0,0,0,0,0,0
48,20,512,1,8192,0,0,0,0,16,12,192,0.002227,0.015592,4.361073,22541.257812,169.400787,0.808596,0.810401
48,20,1024,1,8192,0,0,0,0,16,12,96,0.004387,0.030706,4.451359,22084.058594,168.187927,0.802806,0.806343
48,20,2048,1,8192,0,0,0,0,16,12,48,0.008512,0.059582,4.589407,21419.767578,167.441193,0.799242,0.806103
48,20,4096,1,8192,0,0,0,0,16,11,22,0.016066,0.112464,4.629939,19462.953125,159.981323,0.763634,0.776103
48,20,8192,1,8192,0,0,0,0,16,10,10,0.028884,0.202189,4.819530,16997.625000,153.405182,0.732244,0.754024
48,20,16384,1,8192,12,0,0,12,20,4,4,0.048053,0.336368,4.791653,13677.164062,145.466293,0.694350,0.729399
48,20,32768,1,8192,43,0,0,43,21,2,2,0.071915,0.503406,6.557543,9993.987305,138.486008,0.661031,0.712253
48,20,65536,1,8192,107,0,14,93,21,1,1,0.101545,0.665336,10.298149,6364.074219,129.186783,0.616643,0.686338
48,20,131072,1,8192,237,0,178,59,19,1,1,0.136107,0.782682,34.993530,3745.775391,124.300880,0.593322,0.686800
48,20,262144,1,8192,499,73,426,0,13,1,1,0.146565,0.873730,128.646957,2037.718262,120.131813,0.573422,0.671899
48,20,524288,1,0,0,0,0,0,0,0,0,0,0,0,0,0,0,0
48,20,1048576,1,0,0,0,0,0,0,0,0,0,0,0,0,0,0,0
48,24,512,1,8192,0,0,0,0,16,12,192,0.002227,0.015592,4.383365,22426.609375,168.539200,0.804483,0.806279
48,24,1024,1,8192,0,0,0,0,16,12,96,0.004387,0.030706,4.437674,22152.146484,168.706482,0.805282,0.808830
48,24,2048,1,8192,0,0,0,0,16,12,48,0.008512,0.059582,4.608972,21328.953125,166.731262,0.795853,0.802686
48,24,4096,1,8192,0,0,0,0,16,11,22,0.016066,0.112464,4.628112,19470.632812,160.044464,0.763935,0.776409
48,24,8192,1,8192,0,0,0,0,16,10,10,0.028884,0.202189,4.824011,16981.757812,153.261963,0.731561,0.753320
48,24,16384,1,8192,4,0,0,4,28,4,4,0.048053,0.336368,4.770618,13737.424805,146.107208,0.697409,0.732613
48,24,32768,1,8192,34,0,0,34,30,2,2,0.071915,0.503406,6.549935,10005.675781,138.647964,0.661804,0.713086
48,24,65536,1,8192,97,0,4,93,31,1,1,0.097356,0.668438,10.217875,6413.886230,130.197937,0.621470,0.688500
48,24,131072,1,8192,227,0,168,59,29,1,1,0.134926,0.783752,34.954487,3749.949463,124.439400,0.593983,0.686627
48,24,262144,1,8192,489,63,426,0,23,1,1,0.145463,0.873946,128.483826,2040.307373,120.284470,0.574150,0.671884
48,24,524288,1,0,0,0,0,0,0,0,0,0,0,0,0,0,0,0
48,24,1048576,1,0,0,0,0,0,0,0,0,0,0,0,0,0,0,0
48,28,512,1,8192,0,0,0,0,16,12,192,0.002227,0.015592,4.372377,22482.968750,168.962753,0.806505,0.808305
48,28,1024,1,8192,0,0,0,0,16,12,96,0.004387,0.030706,4.439666,22142.367188,168.631989,0.804926,0.808473
48,28,2048,1,8192,0,0,0,0,16,12,48,0.008512,0.059582,4.601325,21364.542969,167.009506,0.797181,0.804025
48,28,4096,1,8192,0,0,0,0,16,11,22,0.016066,0.112464,4.629333,19465.500000,160.002258,0.763734,0.776205
48,28,8192,1,8192,0,0,0,0,16,10,10,0.028884,0.202189,4.819195,16998.691406,153.414795,0.732290,0.754071
48,28,16384,1,8192,0,0,0,0,32,4,4,0.048053,0.336368,4.757021,13776.742188,146.525375,0.699405,0.734710
48,28,32768,1,8192,25,0,0,25,39,2,2,0.071915,0.503406,6.532591,10032.174805,139.015152,0.663557,0.714974
48,28,65536,1,8192,88,0,0,88,40,1,1,0.095670,0.669688,10.175463,6440.599609,130.740204,0.624058,0.690078
48,28,131072,1,8192,217,0,158,59,39,1,1,0.133742,0.784825,34.803909,3766.221191,124.979355,0.596560,0.688663
48,28,262144,1,8192,479,53,426,0,33,1,1,0.144813,0.874231,128.237579,2044.216797,120.514938,0.575250,0.672660
48,28,524288,1,0,0,0,0,0,0,0,0,0,0,0,0,0,0,0
48,28,1048576,1,0,0,0,0,0,0,0,0,0,0,0,0,0,0,0
48,30,512,1,8192,0,0,0,0,16,12,192,0.002227,0.015592,4.391510,22385.144531,168.227585,0.802996,0.804788
48,30,1024,1,8192,0,0,0,0,16,12,96,0.004387,0.030706,4.432612,22177.441406,168.899139,0.806201,0.809753
48,30,2048,1,8192,0,0,0,0,16,12,48,0.008512,0.059582,4.600890,21366.363281,167.023727,0.797249,0.804094
48,30,4096,1,8192,0,0,0,0,16,11,22,0.016066,0.112464,4.631412,19456.808594,159.930847,0.763393,0.775858
48,30,8192,1,8192,0,0,0,0,16,10,10,0.028884,0.202189,4.818163,17002.335938,153.447678,0.732447,0.754232
48,30,16384,1,8192,0,0,0,0,32,4,4,0.048053,0.336368,4.752866,13788.903320,146.654724,0.700023,0.735358
48,30,32768,1,8192,20,0,0,20,44,2,2,0.071915,0.503406,6.532881,10031.872070,139.010971,0.663537,0.714953
48,30,65536,1,8192,83,0,0,83,45,1,1,0.095670,0.669688,10.186064,6433.902344,130.604248,0.623409,0.689360
48,30,131072,1,8192,212,0,153,59,44,1,1,0.133149,0.785362,35.090469,3735.266113,123.952133,0.591657,0.682536
48,30,262144,1,8192,474,48,426,0,38,1,1,0.144194,0.874330,128.148834,2045.638184,120.598740,0.575650,0.672642
48,30,524288,1,0,0,0,0,0,0,0,0,0,0,0,0,0,0,0
48,30,1048576,1,0,0,0,0,0,0,0,0,0,0,0,0,0,0,0
64,16,512,1,8192,5,0,0,5,11,12,192,0.002227,0.015592,4.582679,21451.914062,161.214233,0.769519,0.771237
64,16,1024,1,8192,5,0,0,5,11,12,96,0.004387,0.030706,4.595880,21389.656250,162.899521,0.777563,0.780989
64,16,2048,1,8192,5,0,0,5,11,12,48,0.008512,0.059582,4.747734,20706.246094,161.863495,0.772618,0.779251
64,16,4096,1,8192,6,0,0,6,10,11,22,0.016066,0.112464,4.854768,18561.644531,152.572769,0.728271,0.740163
64,16,8192,1,8192,6,0,0,6,10,10,10,0.028884,0.202189,4.869951,16821.628906,151.816788,0.724662,0.746216
64,16,16384,1,8192,20,0,0,20,12,4,4,0.048053,0.336368,4.810126,13624.638672,144.907669,0.691683,0.726598
64,16,32768,1,8192,52,0,0,52,12,2,2,0.071915,0.503406,6.600976,9928.228516,137.574799,0.656682,0.707566
64,16,65536,1,8192,116,0,0,116,12,1,1,0.095670,0.669688,10.320278,6350.253906,128.906235,0.615304,0.680398
64,16,131072,1,8192,247,0,137,110,9,1,1,0.131245,0.787087,34.946121,3750.826660,124.468506,0.594122,0.683877
64,16,262144,1,8192,510,0,468,42,2,1,1,0.142746,0.874346,127.942627,2048.937256,120.793228,0.576579,0.672588
64,16,524288,1,0,0,0,0,0,0,0,0,0,0,0,0,0,0,0
64,16,1048576,1,0,0,0,0,0,0,0,0,0,0,0,0,0,0,0
64,20,512,1,8192,0,0,0,0,16,12,192,0.002227,0.015592,4.367557,22507.794922,169.149338,0.807395,0.809198
64,20,1024,1,8192,0,0,0,0,16,12,96,0.004387,0.030706,4.435993,22160.539062,168.770401,0.805587,0.809136
64,20,2048,1,8192,0,0,0,0,16,12,48,0.008512,0.059582,4.601032,21365.773438,167.019119,0.797227,0.804071
64,20,4096,1,8192,0,0,0,0,16,11,22,0.016066,0.112464,4.625276,19482.546875,160.142380,0.764403,0.776884
64,20,8192,1,8192,0,0,0,0,16,10,10,0.028884,0.202189,4.815651,17011.224609,153.527908,0.732830,0.754627
64,20,16384,1,8192,12,0,0,12,20,4,4,0.048053,0.336368,4.786797,13691.020508,145.613663,0.695053,0.730138
64,20,32768,1,8192,43,0,0,43,21,2,2,0.071915,0.503406,6.582244,9956.492188,137.966446,0.658551,0.709581
64,20,65536,1,8192,107,0,0,107,21,1,1,0.095670,0.669688,10.248947,6394.424316,129.802872,0.619584,0.685130
64,20,131072,1,8192,237,0,127,110,19,1,1,0.130051,0.788169,34.813332,3765.115723,124.942673,0.596385,0.685540
64,20,262144,1,8192,499,0,457,42,13,1,1,0.142386,0.874713,128.060822,2047.047363,120.681816,0.576047,0.671686
64,20,524288,1,0,0,0,0,0,0,0,0,0,0,0,0,0,0,0
64,20,1048576,1,0,0,0,0,0,0,0,0,0,0,0,0,0,0,0
64,24,512,1,8192,0,0,0,0,16,12,192,0.002227,0.015592,4.378399,22452.050781,168.730408,0.805396,0.807194
64,24,1024,1,8192,0,0,0,0,16,12,96,0.004387,0.030706,4.446945,22105.976562,168.354874,0.803603,0.807144
64,24,2048,1,8192,0,0,0,0,16,12,48,0.008512,0.059582,4.594069,21398.191406,167.272537,0.798437,0.805291
64,24,4096,1,8192,0,0,0,0,16,11,22,0.016066,0.112464,4.626579,19477.042969,160.097153,0.764187,0.776665
64,24,8192,1,8192,0,0,0,0,16,10,10,0.028884,0.202189,4.825479,16976.556641,153.215027,0.731337,0.753089
64,24,16384,1,8192,4,0,0,4,28,4,4,0.048053,0.336368,4.762238,13761.631836,146.364670,0.698638,0.733904
64,24,32768,1,8192,34,0,0,34,30,2,2,0.071915,0.503406,6.560804,9989.019531,138.417160,0.660702,0.711899
64,24,65536,1,8192,97,0,0,97,31,1,1,0.095670,0.669688,10.216619,6414.656738,130.213577,0.621544,0.687298
64,24,131072,1,8192,227,0,117,110,29,1,1,0.128854,0.789253,34.785595,3768.128418,125.042648,0.596862,0.685146
64,24,262144,1,8192,489,0,447,42,23,1,1,0.142059,0.875047,127.953804,2048.759766,120.782768,0.576529,0.671991
64,24,524288,1,8192,1014,900,114,0,10,1,1,0.224850,0.938661,551.805664,950.132568,104.983665,0.501115,0.646476
64,24,1048576,1,0,0,0,0,0,0,0,0,0,0,0,0,0,0,0
64,28,512,1,8192,0,0,0,0,16,12,192,0.002227,0.015592,4.371251,22488.761719,169.006271,0.806713,0.808513
64,28,1024,1,8192,0,0,0,0,16,12,96,0.004387,0.030706,4.435573,22162.705078,168.786896,0.805665,0.809215
64,28,2048,1,8192,0,0,0,0,16,12,48,0.008512,0.059582,4.608408,21331.474609,166.750992,0.795947,0.802781
64,28,4096,1,8192,0,0,0,0,16,11,22,0.016066,0.112464,4.636694,19434.617188,159.748428,0.762522,0.774973
64,28,8192,1,8192,0,0,0,0,16,10,10,0.028884,0.202189,4.818263,17002.060547,153.445190,0.732435,0.754220
64,28,16384,1,8192,0,0,0,0,32,4,4,0.048053,0.336368,4.759104,13770.873047,146.462952,0.699107,0.734397
64,28,32768,1,8192,25,0,0,25,39,2,2,0.071915,0.503406,6.545624,10012.187500,138.738205,0.662235,0.713550
64,28,65536,1,8192,88,0,0,88,40,1,1,0.095670,0.669688,10.173538,6441.816406,130.764893,0.624176,0.690208
64,28,131072,1,8192,217,0,107,110,39,1,1,0.127653,0.790341,34.670738,3780.595703,125.456367,0.598837,0.686467
64,28,262144,1,8192,479,0,437,42,33,1,1,0.141732,0.875381,127.800301,2051.216064,120.927582,0.577220,0.672540
64,28,524288,1,8192,1004,890,114,0,20,1,1,0.223021,0.938609,549.347290,954.384644,105.453491,0.503358,0.647840
64,28,1048576,1,0,0,0,0,0,0,0,0,0,0,0,0,0,0,0
64,30,512,1,8192,0,0,0,0,16,12,192,0.002227,0.015592,4.376138,22463.667969,168.817703,0.805812,0.807611
64,30,1024,1,8192,0,0,0,0,16,12,96,0.004387,0.030706,4.443676,22122.437500,168.480225,0.804202,0.807745
64,30,2048,1,8192,0,0,0,0,16,12,48,0.008512,0.059582,4.597886,21380.320312,167.132812,0.797770,0.804619
64,30,4096,1,8192,0,0,0,0,16,11,22,0.016066,0.112464,4.631828,19454.996094,159.915924,0.763322,0.775786
64,30,8192,1,8192,0,0,0,0,16,10,10,0.028884,0.202189,4.814813,17014.167969,153.554474,0.732957,0.754757
64,30,16384,1,8192,0,0,0,0,32,4,4,0.048053,0.336368,4.745331,13810.646484,146.885971,0.701126,0.736518
64,30,32768,1,8192,20,0,0,20,44,2,2,0.071915,0.503406,6.514507,10060.013672,139.400909,0.665398,0.716958
64,30,65536,1,8192,83,0,0,83,45,1,1,0.095670,0.669688,10.178623,6438.606934,130.699753,0.623865,0.689864
64,30,131072,1,8192,212,0,102,110,44,1,1,0.127052,0.790886,34.908203,3754.770508,124.599373,0.594746,0.681308
64,30,262144,1,8192,474,0,432,42,38,1,1,0.141568,0.875548,127.775482,2051.614746,120.951073,0.577332,0.672543
64,30,524288,1,8192,999,885,114,0,25,1,1,0.222297,0.938598,548.568481,955.738525,105.603081,0.504072,0.648155
64,30,1048576,1,0,0,0,0,0,0,0,0,0,0,0,0,0,0,0
80,16,512,1,8192,5,0,0,5,11,12,192,0.002227,0.015592,4.599717,21372.011719,160.613754,0.766653,0.768364
80,16,1024,1,8192,5,0,0,5,11,12,96,0.004387,0.030706,4.621331,21271.804688,162.001953,0.773279,0.776686
80,16,2048,1,8192,5,0,0,5,11,12,48,0.008512,0.059582,4.763355,20640.007812,161.345718,0.770147,0.776758
80,16,4096,1,8192,6,0,0,6,10,11,22,0.016066,0.112464,4.859260,18544.492188,152.431793,0.727598,0.739479
80,16,8192,1,8192,6,0,0,6,10,10,10,0.028884,0.202189,4.926089,16629.933594,150.086716,0.716404,0.737713
80,16,16384,1,8192,20,0,0,20,12,4,4,0.048053,0.336368,4.827337,13576.136719,144.391800,0.689221,0.724012
80,16,32768,1,8192,52,0,0,52,12,2,2,0.071915,0.503406,6.591643,9942.289062,137.769638,0.657612,0.708568
80,16,65536,1,8192,116,0,0,116,12,1,1,0.095670,0.669688,10.314215,6353.961426,128.981491,0.615663,0.680795
80,16,131072,1,8192,247,0,86,161,9,1,1,0.125121,0.792635,34.923683,3753.197266,124.547157,0.594497,0.679519
80,16,262144,1,8192,510,0,417,93,2,1,1,0.141076,0.876049,127.897728,2049.649414,120.835213,0.576779,0.671514
80,16,524288,1,0,0,0,0,0,0,0,0,0,0,0,0,0,0,0
80,16,1048576,1,0,0,0,0,0,0,0,0,0,0,0,0,0,0,0
80,20,512,1,8192,0,0,0,0,16,12,192,0.002227,0.015592,4.372057,22484.687500,168.975677,0.806566,0.808367
80,20,1024,1,8192,0,0,0,0,16,12,96,0.004387,0.030706,4.437668,22152.335938,168.707932,0.805288,0.808836
80,20,2048,1,8192,0,0,0,0,16,12,48,0.008512,0.059582,4.596413,21387.113281,167.185928,0.798024,0.804874
80,20,4096,1,8192,0,0,0,0,16,11,22,0.016066,0.112464,4.619243,19508.003906,160.351624,0.765402,0.777900
80,20,8192,1,8192,0,0,0,0,16,10,10,0.028884,0.202189,4.818281,17001.923828,153.443954,0.732429,0.754214
80,20,16384,1,8192,12,0,0,12,20,4,4,0.048053,0.336368,4.783122,13701.560547,145.725754,0.695588,0.730700
80,20,32768,1,8192,43,0,0,43,21,2,2,0.071915,0.503406,6.572334,9971.502930,138.174438,0.659544,0.710650
80,20,65536,1,8192,107,0,0,107,21,1,1,0.095670,0.669688,10.210778,6418.343750,130.288422,0.621902,0.687693
80,20,131072,1,8192,237,0,76,161,19,1,1,0.123910,0.793733,34.709404,3776.386719,125.316696,0.598170,0.682773
80,20,262144,1,8192,499,0,406,93,13,1,1,0.140715,0.876418,127.882706,2049.893555,120.849609,0.576848,0.671311
80,20,524288,1,0,0,0,0,0,0,0,0,0,0,0,0,0,0,0
80,20,1048576,1,0,0,0,0,0,0,0,0,0,0,0,0,0,0,0
80,24,512,1,8192,0,0,0,0,16,12,192,0.002227,0.015592,4.367719,22506.945312,169.142929,0.807365,0.809167
80,24,1024,1,8192,0,0,0,0,16,12,96,0.004387,0.030706,4.434863,22166.195312,168.813492,0.805792,0.809343
80,24,2048,1,8192,0,0,0,0,16,12,48,0.008512,0.059582,4.593726,21399.769531,167.284866,0.798496,0.805351
80,24,4096,1,8192,0,0,0,0,16,11,22,0.016066,0.112464,4.614635,19527.470703,160.511673,0.766165,0.778676
80,24,8192,1,8192,0,0,0,0,16,10,10,0.028884,0.202189,4.812781,17021.343750,153.619232,0.733266,0.755076
80,24,16384,1,8192,4,0,0,4,28,4,4,0.048053,0.336368,4.758195,13773.437500,146.490234,0.699237,0.734534
80,24,32768,1,8192,34,0,0,34,30,2,2,0.071915,0.503406,6.549310,10006.623047,138.661087,0.661867,0.713153
80,24,65536,1,8192,97,0,0,97,31,1,1,0.095670,0.669688,10.201696,6424.036133,130.403961,0.622453,0.688303
80,24,131072,1,8192,227,0,66,161,29,1,1,0.122696,0.794833,34.925667,3752.886230,124.536858,0.594448,0.677585
80,24,262144,1,8192,489,0,396,93,23,1,1,0.140387,0.876753,127.892639,2049.731689,120.840065,0.576802,0.671002
80,24,524288,1,8192,1014,403,611,0,10,1,1,0.161725,0.933666,501.120605,1046.231445,115.601982,0.551799,0.658256
80,24,1048576,1,0,0,0,0,0,0,0,0,0,0,0,0,0,0,0
80,28,512,1,8192,0,0,0,0,16,12,192,0.002227,0.015592,4.364312,22524.519531,169.275009,0.807995,0.809799
80,28,1024,1,8192,0,0,0,0,16,12,96,0.004387,0.030706,4.429140,22194.937500,169.032364,0.806837,0.810392
80,28,2048,1,8192,0,0,0,0,16,12,48,0.008512,0.059582,4.602307,21359.722656,166.971817,0.797002,0.803844
80,28,4096,1,8192,0,0,0,0,16,11,22,0.016066,0.112464,4.624994,19483.722656,160.152054,0.764449,0.776931
80,28,8192,1,8192,0,0,0,0,16,10,10,0.028884,0.202189,4.823512,16983.552734,153.278152,0.731638,0.753399
80,28,16384,1,8192,0,0,0,0,32,4,4,0.048053,0.336368,4.755332,13781.609375,146.577133,0.699652,0.734969
80,28,32768,1,8192,25,0,0,25,39,2,2,0.071915,0.503406,6.545401,10012.531250,138.742966,0.662258,0.713574
80,28,65536,1,8192,88,0,0,88,40,1,1,0.095670,0.669688,10.181102,6437.024414,130.667618,0.623712,0.689695
80,28,131072,1,8192,217,0,56,161,39,1,1,0.121478,0.795936,34.769382,3769.754395,125.096603,0.597120,0.679687
80,28,262144,1,8192,479,0,386,93,33,1,1,0.140058,0.877088,127.748032,2052.050781,120.976784,0.577455,0.671504
80,28,524288,1,8192,1004,393,611,0,20,1,1,0.160606,0.933677,500.551514,1047.420898,115.733414,0.552427,0.658126
80,28,1048576,1,0,0,0,0,0,0,0,0,0,0,0,0,0,0,0
80,30,512,1,8192,0,0,0,0,16,12,192,0.002227,0.015592,4.377947,22454.363281,168.747787,0.805479,0.807277
80,30,1024,1,8192,0,0,0,0,16,12,96,0.004387,0.030706,4.440011,22140.550781,168.618164,0.804860,0.808406
80,30,2048,1,8192,0,0,0,0,16,12,48,0.008512,0.059582,4.595449,21391.597656,167.220993,0.798191,0.805043
80,30,4096,1,8192,0,0,0,0,16,11,22,0.016066,0.112464,4.631769,19455.207031,159.917633,0.763330,0.775794
80,30,8192,1,8192,0,0,0,0,16,10,10,0.028884,0.202189,4.808066,17038.035156,153.769882,0.733985,0.755816
80,30,16384,1,8192,0,0,0,0,32,4,4,0.048053,0.336368,4.749994,13797.125000,146.742157,0.700440,0.735797
80,30,32768,1,8192,20,0,0,20,44,2,2,0.071915,0.503406,6.529656,10036.729492,139.078278,0.663858,0.715299
80,30,65536,1,8192,83,0,0,83,45,1,1,0.095670,0.669688,10.184443,6434.914062,130.624786,0.623507,0.689469
80,30,131072,1,8192,212,0,51,161,44,1,1,0.120868,0.796489,34.745060,3772.395752,125.184258,0.597538,0.679691
80,30,262144,1,8192,474,0,381,93,38,1,1,0.139894,0.877255,127.691635,2052.956055,121.030151,0.577710,0.671672
80,30,524288,1,8192,999,388,611,0,25,1,1,0.160297,0.933702,500.152222,1048.256836,115.825783,0.552868,0.658408
80,30,1048576,1,0,0,0,0,0,0,0,0,0,0,0,0,0,0,0
96,16,512,1,8192,5,0,0,5,11,12,192,0.002227,0.015592,4.600585,21368.529297,160.587570,0.766528,0.768239
96,16,1024,1,8192,5,0,0,5,11,12,96,0.004387,0.030706,4.624178,21258.697266,161.902145,0.772803,0.776208
96,16,2048,1,8192,5,0,0,5,11,12,48,0.008512,0.059582,4.734700,20762.550781,162.303619,0.774719,0.781370
96,16,4096,1,8192,6,0,0,6,10,11,22,0.016066,0.112464,4.840541,18616.156250,153.020844,0.730410,0.742336
96,16,8192,1,8192,6,0,0,6,10,10,10,0.028884,0.202189,4.873480,16809.398438,151.706375,0.724135,0.745674
96,16,16384,1,8192,20,0,0,20,12,4,4,0.048053,0.336368,4.811733,13620.128906,144.859680,0.691454,0.726358
96,16,32768,1,8192,52,0,0,52,12,2,2,0.071915,0.503406,6.592916,9940.509766,137.744965,0.657494,0.708441
96,16,65536,1,8192,116,0,0,116,12,1,1,0.095670,0.669688,10.303899,6360.327148,129.110703,0.616280,0.681477
96,16,131072,1,8192,247,0,35,212,9,1,1,0.118910,0.798263,34.964630,3748.704102,124.398064,0.593786,0.673921
96,16,262144,1,8192,510,0,366,144,2,1,1,0.139400,0.877759,127.651314,2053.609619,121.068687,0.577893,0.671501
96,16,524288,1,0,0,0,0,0,0,0,0,0,0,0,0,0,0,0
96,16,1048576,1,0,0,0,0,0,0,0,0,0,0,0,0,0,0,0
96,20,512,1,8192,0,0,0,0,16,12,192,0.002227,0.015592,4.369594,22497.287109,169.070343,0.807018,0.808820
96,20,1024,1,8192,0,0,0,0,16,12,96,0.004387,0.030706,4.430753,22186.781250,168.970261,0.806541,0.810094
96,20,2048,1,8192,0,0,0,0,16,12,48,0.008512,0.059582,4.596055,21388.869141,167.199661,0.798089,0.804941
96,20,4096,1,8192,0,0,0,0,16,11,22,0.016066,0.112464,4.627100,19474.837891,160.079041,0.764100,0.776577
96,20,8192,1,8192,0,0,0,0,16,10,10,0.028884,0.202189,4.812814,17021.255859,153.618423,0.733262,0.755072
96,20,16384,1,8192,12,0,0,12,20,4,4,0.048053,0.336368,4.772532,13731.947266,146.048950,0.697131,0.732321
96,20,32768,1,8192,43,0,0,43,21,2,2,0.071915,0.503406,6.563928,9984.299805,138.351761,0.660390,0.711562
96,20,65536,1,8192,107,0,0,107,21,1,1,0.095670,0.669688,10.203060,6423.221191,130.387421,0.622374,0.688216
96,20,131072,1,8192,237,0,25,212,19,1,1,0.117681,0.799375,34.729370,3774.107422,125.241051,0.597809,0.677544
96,20,262144,1,8192,499,0,355,144,13,1,1,0.139038,0.878129,127.525970,2055.627441,121.187637,0.578461,0.671878
96,20,524288,1,0,0,0,0,0,0,0,0,0,0,0,0,0,0,0
96,20,1048576,1,0,0,0,0,0,0,0,0,0,0,0,0,0,0,0
96,24,512,1,8192,0,0,0,0,16,12,192,0.002227,0.015592,4.360907,22542.105469,169.407166,0.808626,0.810431
96,24,1024,1,8192,0,0,0,0,16,12,96,0.004387,0.030706,4.435513,22162.988281,168.789062,0.805676,0.809225
96,24,2048,1,8192,0,0,0,0,16,12,48,0.008512,0.059582,4.594494,21396.144531,167.256531,0.798361,0.805214
96,24,4096,1,8192,0,0,0,0,16,11,22,0.016066,0.112464,4.614488,19528.105469,160.516846,0.766190,0.778701
96,24,8192,1,8192,0,0,0,0,16,10,10,0.028884,0.202189,4.828631,16966.017578,153.119888,0.730883,0.752621
96,24,16384,1,8192,4,0,0,4,28,4,4,0.048053,0.336368,4.767015,13747.835938,146.217941,0.697938,0.733168
96,24,32768,1,8192,34,0,0,34,30,2,2,0.071915,0.503406,6.541515,10018.505859,138.825760,0.662653,0.714000
96,24,65536,1,8192,97,0,0,97,31,1,1,0.095670,0.669688,10.190804,6430.997070,130.545273,0.623128,0.689049
96,24,131072,1,8192,227,0,15,212,29,1,1,0.116450,0.800491,34.679668,3779.507568,125.420258,0.598665,0.677567
96,24,262144,1,8192,489,0,345,144,23,1,1,0.138708,0.878465,127.510376,2055.879639,121.202515,0.578532,0.671703
96,24,524288,1,8192,1014,0,1006,8,10,1,1,0.143408,0.932298,487.651123,1075.129395,118.795013,0.567041,0.661973
96,24,1048576,1,0,0,0,0,0,0,0,0,0,0,0,0,0,0,0
96,28,512,1,8192,0,0,0,0,16,12,192,0.002227,0.015592,4.373452,22477.484375,168.921539,0.806308,0.808108
96,28,1024,1,8192,0,0,0,0,16,12,96,0.004387,0.030706,4.432288,22179.185547,168.912399,0.806264,0.809817
96,28,2048,1,8192,0,0,0,0,16,12,48,0.008512,0.059582,4.596378,21387.281250,167.187241,0.798030,0.804881
96,28,4096,1,8192,0,0,0,0,16,11,22,0.016066,0.112464,4.618403,19511.531250,160.380646,0.765540,0.778040
96,28,8192,1,8192,0,0,0,0,16,10,10,0.028884,0.202189,4.812092,17023.812500,153.641510,0.733372,0.755185
96,28,16384,1,8192,0,0,0,0,32,4,4,0.048053,0.336368,4.760841,13765.665039,146.407562,0.698843,0.734119
96,28,32768,1,8192,25,0,0,25,39,2,2,0.071915,0.503406,6.538946,10022.446289,138.880356,0.662913,0.714281
96,28,65536,1,8192,88,0,0,88,40,1,1,0.095670,0.669688,10.155151,6453.493164,131.001923,0.625308,0.691459
96,28,131072,1,8192,217,0,5,212,39,1,1,0.115215,0.801610,34.545155,3794.229980,125.908806,0.600997,0.679257
96,28,262144,1,8192,479,0,335,144,33,1,1,0.138378,0.878802,127.316040,2059.017090,121.387482,0.579415,0.672470
96,28,524288,1,8192,1004,0,996,8,20,1,1,0.143321,0.932392,487.641968,1075.149536,118.797249,0.567051,0.661918
96,28,1048576,1,0,0,0,0,0,0,0,0,0,0,0,0,0,0,0
96,30,512,1,8192,0,0,0,0,16,12,192,0.002227,0.015592,4.375710,22465.878906,168.834290,0.805892,0.807691
96,30,1024,1,8192,0,0,0,0,16,12,96,0.004387,0.030706,4.441277,22134.183594,168.569687,0.804629,0.808174
96,30,2048,1,8192,0,0,0,0,16,12,48,0.008512,0.059582,4.592672,21404.609375,167.322693,0.798676,0.805533
96,30,4096,1,8192,0,0,0,0,16,11,22,0.016066,0.112464,4.623010,19492.093750,160.220871,0.764777,0.777265
96,30,8192,1,8192,0,0,0,0,16,10,10,0.028884,0.202189,4.819650,16997.087891,153.400314,0.732221,0.754000
96,30,16384,1,8192,0,0,0,0,32,4,4,0.048053,0.336368,4.748793,13800.603516,146.779160,0.700617,0.735982
96,30,32768,1,8192,20,0,0,20,44,2,2,0.071915,0.503406,6.527070,10040.646484,139.132568,0.664117,0.715578
96,30,65536,1,8192,83,0,0,83,45,1,1,0.095670,0.669688,10.162216,6449.056152,130.911865,0.624878,0.690984
96,30,131072,1,8192,212,0,0,212,44,1,1,0.114596,0.802171,34.532196,3795.652832,125.956032,0.601222,0.679037
96,30,262144,1,8192,474,0,330,144,38,1,1,0.138213,0.878970,127.239792,2060.260986,121.460808,0.579765,0.672747
96,30,524288,1,8192,999,0,991,8,25,1,1,0.143277,0.932440,487.635132,1075.164551,118.798912,0.567059,0.661893
96,30,1048576,1,0,0,0,0,0,0,0,0,0,0,0,0,0,0,0
112,16,512,1,8192,5,0,0,5,11,12,192,0.002227,0.015592,4.587016,21431.207031,161.058624,0.768776,0.770492
112,16,1024,1,8192,5,0,0,5,11,12,96,0.004387,0.030706,4.634110,21213.201172,161.555664,0.771149,0.774546
112,16,2048,1,8192,5,0,0,5,11,12,48,0.008512,0.059582,4.739461,20741.992188,162.142929,0.773952,0.780596
112,16,4096,1,8192,6,0,0,6,10,11,22,0.016066,0.112464,4.887298,18438.292969,151.558838,0.723431,0.735244
112,16,8192,1,8192,6,0,0,6,10,10,10,0.028884,0.202189,4.867557,16830.066406,151.892914,0.725026,0.746590
112,16,16384,1,8192,20,0,0,20,12,4,4,0.048053,0.336368,4.815050,13610.879883,144.761337,0.690985,0.725865
112,16,32768,1,8192,52,0,0,52,12,2,2,0.071915,0.503406,6.590949,9943.337891,137.784149,0.657681,0.708643
112,16,65536,1,8192,116,0,0,116,12,1,1,0.095670,0.669688,10.297138,6364.503906,129.195511,0.616685,0.681924
112,16,131072,1,8192,247,0,0,247,9,1,1,0.114596,0.802171,34.845245,3761.550049,124.824348,0.595820,0.672936
112,16,262144,1,8192,510,0,315,195,2,1,1,0.137717,0.879475,127.251617,2060.082031,121.450256,0.579715,0.672302
112,16,524288,1,0,0,0,0,0,0,0,0,0,0,0,0,0,0,0
112,16,1048576,1,0,0,0,0,0,0,0,0,0,0,0,0,0,0,0
112,20,512,1,8192,0,0,0,0,16,12,192,0.002227,0.015592,4.352354,22586.435547,169.740311,0.810216,0.812025
112,20,1024,1,8192,0,0,0,0,16,12,96,0.004387,0.030706,4.438301,22149.064453,168.683014,0.805170,0.808717
112,20,2048,1,8192,0,0,0,0,16,12,48,0.008512,0.059582,4.592276,21406.398438,167.336670,0.798743,0.805600
112,20,4096,1,8192,0,0,0,0,16,11,22,0.016066,0.112464,4.617701,19514.486328,160.404922,0.765656,0.778158
112,20,8192,1,8192,0,0,0,0,16,10,10,0.028884,0.202189,4.803116,17055.687500,153.929184,0.734746,0.756599
112,20,16384,1,8192,12,0,0,12,20,4,4,0.048053,0.336368,4.774169,13727.207031,145.998550,0.696890,0.732068
112,20,32768,1,8192,43,0,0,43,21,2,2,0.071915,0.503406,6.574594,9968.088867,138.127121,0.659318,0.710407
112,20,65536,1,8192,107,0,0,107,21,1,1,0.095670,0.669688,10.193037,6429.530273,130.515503,0.622986,0.688892
112,20,131072,1,8192,237,0,0,237,19,1,1,0.114596,0.802171,34.621971,3785.808350,125.629333,0.599663,0.677276
112,20,262144,1,8192,499,0,304,195,13,1,1,0.137353,0.879847,127.203751,2060.833496,121.494553,0.579926,0.672264
112,20,524288,1,0,0,0,0,0,0,0,0,0,0,0,0,0,0,0
112,20,1048576,1,0,0,0,0,0,0,0,0,0,0,0,0,0,0,0
112,24,512,1,8192,0,0,0,0,16,12,192,0.002227,0.015592,4.355891,22568.070312,169.602280,0.809557,0.811365
112,24,1024,1,8192,0,0,0,0,16,12,96,0.004387,0.030706,4.428944,22195.890625,169.039642,0.806872,0.810427
112,24,2048,1,8192,0,0,0,0,16,12,48,0.008512,0.059582,4.598902,21375.687500,167.096603,0.797597,0.804444
112,24,4096,1,8192,0,0,0,0,16,11,22,0.016066,0.112464,4.614767,19526.908203,160.507019,0.766143,0.778653
112,24,8192,1,8192,0,0,0,0,16,10,10,0.028884,0.202189,4.800873,17063.572266,154.000351,0.735085,0.756949
112,24,16384,1,8192,4,0,0,4,28,4,4,0.048053,0.336368,4.758611,13772.158203,146.476639,0.699172,0.734465
112,24,32768,1,8192,34,0,0,34,30,2,2,0.071915,0.503406,6.549016,10007.023438,138.666641,0.661893,0.713182
112,24,65536,1,8192,97,0,0,97,31,1,1,0.095670,0.669688,10.181412,6436.831055,130.663696,0.623693,0.689674
112,24,131072,1,8192,227,0,0,227,29,1,1,0.114596,0.802171,34.604080,3787.763672,125.694229,0.599972,0.677626
112,24,262144,1,8192,489,0,294,195,23,1,1,0.137022,0.880184,127.185593,2061.135498,121.512360,0.580011,0.672105
112,24,524288,1,8192,1014,0,955,59,10,1,1,0.142963,0.932781,487.074036,1076.404053,118.935852,0.567713,0.662414
112,24,1048576,1,0,0,0,0,0,0,0,0,0,0,0,0,0,0,0
112,28,512,1,8192,0,0,0,0,16,12,192,0.002227,0.015592,4.369876,22495.835938,169.059448,0.806966,0.808768
112,28,1024,1,8192,0,0,0,0,16,12,96,0.004387,0.030706,4.436985,22155.738281,168.733826,0.805412,0.808961
112,28,2048,1,8192,0,0,0,0,16,12,48,0.008512,0.059582,4.597365,21382.833984,167.152481,0.797864,0.804713
112,28,4096,1,8192,0,0,0,0,16,11,22,0.016066,0.112464,4.624677,19485.128906,160.163605,0.764504,0.776987
112,28,8192,1,8192,0,0,0,0,16,10,10,0.028884,0.202189,4.816706,17007.558594,153.494812,0.732672,0.754464
112,28,16384,1,8192,0,0,0,0,32,4,4,0.048053,0.336368,4.743913,13814.833984,146.930511,0.701339,0.736741
112,28,32768,1,8192,25,0,0,25,39,2,2,0.071915,0.503406,6.518831,10053.336914,139.308411,0.664957,0.716483
112,28,65536,1,8192,88,0,0,88,40,1,1,0.095670,0.669688,10.147459,6458.389648,131.101334,0.625782,0.691984
112,28,131072,1,8192,217,0,0,217,39,1,1,0.114596,0.802171,34.530739,3795.807861,125.961174,0.601247,0.679065
112,28,262144,1,8192,479,0,284,195,33,1,1,0.136691,0.880522,126.973274,2064.582031,121.715546,0.580981,0.672970
112,28,524288,1,8192,1004,0,945,59,20,1,1,0.142876,0.932876,487.220215,1076.081299,118.900200,0.567543,0.662148
112,28,1048576,1,0,0,0,0,0,0,0,0,0,0,0,0,0,0,0
112,30,512,1,8192,0,0,0,0,16,12,192,0.002227,0.015592,4.375012,22469.523438,168.861710,0.806022,0.807822
112,30,1024,1,8192,0,0,0,0,16,12,96,0.004387,0.030706,4.440181,22139.650391,168.611328,0.804827,0.808373
112,30,2048,1,8192,0,0,0,0,16,12,48,0.008512,0.059582,4.593209,21402.050781,167.302704,0.798581,0.805437
112,30,4096,1,8192,0,0,0,0,16,11,22,0.016066,0.112464,4.610852,19543.550781,160.643829,0.766796,0.779317
112,30,8192,1,8192,0,0,0,0,16,10,10,0.028884,0.202189,4.805506,17047.183594,153.852432,0.734379,0.756222
112,30,16384,1,8192,0,0,0,0,32,4,4,0.048053,0.336368,4.745703,13809.589844,146.874741,0.701073,0.736462
112,30,32768,1,8192,20,0,0,20,44,2,2,0.071915,0.503406,6.514050,10060.717773,139.410675,0.665445,0.717009
112,30,65536,1,8192,83,0,0,83,45,1,1,0.095670,0.669688,10.154905,6453.634766,131.004807,0.625321,0.691474
112,30,131072,1,8192,212,0,0,212,44,1,1,0.114596,0.802171,34.534904,3795.353760,125.946098,0.601175,0.678983
112,30,262144,1,8192,474,0,279,195,38,1,1,0.136525,0.880691,126.976578,2064.543945,121.713318,0.580971,0.672829
112,30,524288,1,8192,999,0,940,59,25,1,1,0.142833,0.932923,487.533875,1075.387939,118.823586,0.567177,0.661688
112,30,1048576,1,0,0,0,0,0,0,0,0,0,0,0,0,0,0,0
128,16,512,1,8192,5,0,0,5,11,12,192,0.002227,0.015592,4.598382,21378.074219,160.659332,0.766870,0.768582
128,16,1024,1,8192,5,0,0,5,11,12,96,0.004387,0.030706,4.641222,21180.791016,161.308838,0.769971,0.773363
128,16,2048,1,8192,5,0,0,5,11,12,48,0.008512,0.059582,4.758205,20660.003906,161.502014,0.770893,0.777511
128,16,4096,1,8192,6,0,0,6,10,11,22,0.016066,0.112464,4.849559,18581.929688,152.739517,0.729067,0.740972
128,16,8192,1,8192,6,0,0,6,10,10,10,0.028884,0.202189,4.858214,16862.328125,152.184082,0.726416,0.748022
128,16,16384,1,8192,20,0,0,20,12,4,4,0.048053,0.336368,4.791160,13678.531250,145.480850,0.694419,0.729472
128,16,32768,1,8192,52,0,0,52,12,2,2,0.071915,0.503406,6.574363,9968.478516,138.132523,0.659344,0.710435
128,16,65536,1,8192,116,0,0,116,12,1,1,0.095670,0.669688,10.298059,6363.960938,129.184479,0.616632,0.681866
128,16,131072,1,8192,247,0,0,247,9,1,1,0.114596,0.802171,34.894386,3756.251221,124.648506,0.594981,0.671988
128,16,262144,1,8192,510,0,263,247,2,1,1,0.135994,0.881233,127.282257,2059.571777,121.420181,0.579571,0.670796
128,16,524288,1,0,0,0,0,0,0,0,0,0,0,0,0,0,0,0
128,16,1048576,1,0,0,0,0,0,0,0,0,0,0,0,0,0,0,0
128,20,512,1,8192,0,0,0,0,16,12,192,0.002227,0.015592,4.363381,22529.318359,169.311081,0.808167,0.809972
128,20,1024,1,8192,0,0,0,0,16,12,96,0.004387,0.030706,4.414690,22267.480469,169.584854,0.809474,0.813041
128,20,2048,1,8192,0,0,0,0,16,12,48,0.008512,0.059582,4.581984,21454.574219,167.713272,0.800541,0.807413
128,20,4096,1,8192,0,0,0,0,16,11,22,0.016066,0.112464,4.622883,19492.640625,160.225342,0.764799,0.777287
128,20,8192,1,8192,0,0,0,0,16,10,10,0.028884,0.202189,4.813277,17019.640625,153.603851,0.733193,0.755000
128,20,16384,1,8192,12,0,0,12,20,4,4,0.048053,0.336368,4.773664,13728.660156,146.014008,0.696964,0.732146
128,20,32768,1,8192,43,0,0,43,21,2,2,0.071915,0.503406,6.562930,9985.832031,138.372986,0.660492,0.711672
128,20,65536,1,8192,107,0,0,107,21,1,1,0.095670,0.669688,10.210472,6418.515137,130.291901,0.621918,0.687711
128,20,131072,1,8192,237,0,0,237,19,1,1,0.114596,0.802171,34.643749,3783.430176,125.550415,0.599286,0.676850
128,20,262144,1,8192,499,0,252,247,13,1,1,0.135629,0.881605,127.228928,2060.421631,121.470284,0.579810,0.670789
128,20,524288,1,0,0,0,0,0,0,0,0,0,0,0,0,0,0,0
128,20,1048576,1,0,0,0,0,0,0,0,0,0,0,0,0,0,0,0
128,24,512,1,8192,0,0,0,0,16,12,192,0.002227,0.015592,4.361721,22537.906250,169.375626,0.808475,0.810280
128,24,1024,1,8192,0,0,0,0,16,12,96,0.004387,0.030706,4.435794,22161.572266,168.778259,0.805624,0.809174
128,24,2048,1,8192,0,0,0,0,16,12,48,0.008512,0.059582,4.581317,21457.777344,167.738297,0.800660,0.807534
128,24,4096,1,8192,0,0,0,0,16,11,22,0.016066,0.112464,4.617814,19514.019531,160.401093,0.765638,0.778139
128,24,8192,1,8192,0,0,0,0,16,10,10,0.028884,0.202189,4.808827,17035.404297,153.746124,0.733872,0.755699
128,24,16384,1,8192,4,0,0,4,28,4,4,0.048053,0.336368,4.740664,13824.222656,147.030380,0.701816,0.737242
128,24,32768,1,8192,34,0,0,34,30,2,2,0.071915,0.503406,6.567558,9978.753906,138.274918,0.660023,0.711167
128,24,65536,1,8192,97,0,0,97,31,1,1,0.095670,0.669688,10.170424,6443.808105,130.805328,0.624369,0.690421
128,24,131072,1,8192,227,0,0,227,29,1,1,0.114596,0.802171,34.650372,3782.701660,125.526237,0.599171,0.676720
128,24,262144,1,8192,489,0,242,247,23,1,1,0.135297,0.881944,127.126869,2062.075195,121.567772,0.580276,0.671069
128,24,524288,1,8192,1014,0,903,111,10,1,1,0.142510,0.933274,487.592468,1075.258545,118.809296,0.567109,0.661359
128,24,1048576,1,0,0,0,0,0,0,0,0,0,0,0,0,0,0,0
128,28,512,1,8192,0,0,0,0,16,12,192,0.002227,0.015592,4.381549,22435.914062,168.609146,0.804817,0.806614
128,28,1024,1,8192,0,0,0,0,16,12,96,0.004387,0.030706,4.422563,22227.839844,169.282944,0.808033,0.811593
128,28,2048,1,8192,0,0,0,0,16,12,48,0.008512,0.059582,4.593581,21400.308594,167.289078,0.798516,0.805371
128,28,4096,1,8192,0,0,0,0,16,11,22,0.016066,0.112464,4.617355,19516.007812,160.417435,0.765716,0.778219
128,28,8192,1,8192,0,0,0,0,16,10,10,0.028884,0.202189,4.811824,17024.839844,153.650772,0.733417,0.755231
128,28,16384,1,8192,0,0,0,0,32,4,4,0.048053,0.336368,4.750907,13794.445312,146.713669,0.700304,0.735654
128,28,32768,1,8192,25,0,0,25,39,2,2,0.071915,0.503406,6.518927,10053.189453,139.306351,0.664947,0.716472
128,28,65536,1,8192,88,0,0,88,40,1,1,0.095670,0.669688,10.158600,6451.283203,130.957077,0.625093,0.691222
128,28,131072,1,8192,217,0,0,217,39,1,1,0.114596,0.802171,34.567520,3791.773926,125.827309,0.600608,0.678343
128,28,262144,1,8192,479,0,232,247,33,1,1,0.134964,0.882283,127.037872,2063.524170,121.653191,0.580683,0.671283
128,28,524288,1,8192,1004,0,893,111,20,1,1,0.142423,0.933369,487.982544,1074.399170,118.714325,0.566656,0.660763
128,28,1048576,1,0,0,0,0,0,0,0,0,0,0,0,0,0,0,0
128,30,512,1,8192,0,0,0,0,16,12,192,0.002227,0.015592,4.368488,22502.980469,169.113159,0.807223,0.809025
128,30,1024,1,8192,0,0,0,0,16,12,96,0.004387,0.030706,4.427842,22201.365234,169.081314,0.807071,0.810627
128,30,2048,1,8192,0,0,0,0,16,12,48,0.008512,0.059582,4.591668,21409.277344,167.359207,0.798851,0.805709
128,30,4096,1,8192,0,0,0,0,16,11,22,0.016066,0.112464,4.621471,19498.617188,160.274490,0.765033,0.777525
128,30,8192,1,8192,0,0,0,0,16,10,10,0.028884,0.202189,4.809488,17033.171875,153.725967,0.733776,0.755600
128,30,16384,1,8192,0,0,0,0,32,4,4,0.048053,0.336368,4.737245,13834.314453,147.137695,0.702328,0.737780
128,30,32768,1,8192,20,0,0,20,44,2,2,0.071915,0.503406,6.521809,10048.788086,139.245377,0.664656,0.716158
128,30,65536,1,8192,83,0,0,83,45,1,1,0.095670,0.669688,10.142168,6461.755859,131.169647,0.626108,0.692344
128,30,131072,1,8192,212,0,0,212,44,1,1,0.114596,0.802171,34.563972,3792.162109,125.840187,0.600669,0.678412
128,30,262144,1,8192,474,0,227,247,38,1,1,0.134798,0.882453,126.961807,2064.771484,121.726723,0.581034,0.671559
128,30,524288,1,8192,999,0,888,111,25,1,1,0.142379,0.933417,487.612061,1075.215454,118.804535,0.567086,0.661232
128,30,1048576,1,0,0,0,0,0,0,0,0,0,0,0,0,0,0,0
144,16,512,1,8192,5,0,0,5,11,12,192,0.002227,0.015592,4.557472,21570.710938,162.107010,0.773781,0.775508
144,16,1024,1,8192,5,0,0,5,11,12,96,0.004387,0.030706,4.623046,21263.998047,161.942520,0.772995,0.776401
144,16,2048,1,8192,5,0,0,5,11,12,48,0.008512,0.059582,4.709894,20871.886719,163.158340,0.778799,0.785485
144,16,4096,1,8192,6,0,0,6,10,11,22,0.016066,0.112464,4.862342,18533.445312,152.340973,0.727165,0.739038
144,16,8192,1,8192,6,0,0,6,10,10,10,0.028884,0.202189,4.868723,16825.828125,151.854675,0.724843,0.746403
144,16,16384,1,8192,20,0,0,20,12,4,4,0.048053,0.336368,4.795484,13666.224609,145.349945,0.693794,0.728816
144,16,32768,1,8192,52,0,0,52,12,2,2,0.071915,0.503406,6.576640,9964.968750,138.083893,0.659112,0.710185
144,16,65536,1,8192,116,0,0,116,12,1,1,0.095670,0.669688,10.292114,6367.605469,129.258453,0.616985,0.682257
144,16,131072,1,8192,247,0,0,247,9,1,1,0.114596,0.802171,34.870262,3758.849365,124.734726,0.595393,0.672453
144,16,262144,1,8192,510,0,212,298,2,1,1,0.134298,0.882963,127.233154,2060.359375,121.466606,0.579793,0.669737
144,16,524288,1,0,0,0,0,0,0,0,0,0,0,0,0,0,0,0
144,16,1048576,1,0,0,0,0,0,0,0,0,0,0,0,0,0,0,0
144,20,512,1,8192,0,0,0,0,16,12,192,0.002227,0.015592,4.358179,22556.226562,169.513306,0.809133,0.810939
144,20,1024,1,8192,0,0,0,0,16,12,96,0.004387,0.030706,4.421138,22235.078125,169.338074,0.808296,0.811858
144,20,2048,1,8192,0,0,0,0,16,12,48,0.008512,0.059582,4.588053,21426.148438,167.491074,0.799480,0.806344
144,20,4096,1,8192,0,0,0,0,16,11,22,0.016066,0.112464,4.617884,19513.794922,160.399246,0.765629,0.778131
144,20,8192,1,8192,0,0,0,0,16,10,10,0.028884,0.202189,4.821195,16991.640625,153.351135,0.731986,0.753758
144,20,16384,1,8192,12,0,0,12,20,4,4,0.048053,0.336368,4.788667,13685.832031,145.558487,0.694790,0.729862
144,20,32768,1,8192,43,0,0,43,21,2,2,0.071915,0.503406,6.552074,10002.376953,138.602249,0.661586,0.712851
144,20,65536,1,8192,107,0,0,107,21,1,1,0.095670,0.669688,10.200828,6424.597656,130.415359,0.622508,0.688363
144,20,131072,1,8192,237,0,0,237,19,1,1,0.114596,0.802171,34.684811,3778.945801,125.401619,0.598576,0.676048
144,20,262144,1,8192,499,0,201,298,13,1,1,0.133932,0.883337,127.237228,2060.285156,121.462242,0.579772,0.669430
144,20,524288,1,0,0,0,0,0,0,0,0,0,0,0,0,0,0,0
144,20,1048576,1,0,0,0,0,0,0,0,0,0,0,0,0,0,0,0
144,24,512,1,8192,0,0,0,0,16,12,192,0.002227,0.015592,4.365294,22519.484375,169.237167,0.807815,0.809618
144,24,1024,1,8192,0,0,0,0,16,12,96,0.004387,0.030706,4.417589,22252.863281,169.473526,0.808943,0.812507
144,24,2048,1,8192,0,0,0,0,16,12,48,0.008512,0.059582,4.582827,21450.585938,167.682098,0.800392,0.807263
144,24,4096,1,8192,0,0,0,0,16,11,22,0.016066,0.112464,4.620422,19503.019531,160.310654,0.765206,0.777701
144,24,8192,1,8192,0,0,0,0,16,10,10,0.028884,0.202189,4.813211,17019.914062,153.606323,0.733204,0.755012
144,24,16384,1,8192,4,0,0,4,28,4,4,0.048053,0.336368,4.753084,13788.123047,146.646423,0.699983,0.735317
144,24,32768,1,8192,34,0,0,34,30,2,2,0.071915,0.503406,6.554285,9998.955078,138.554855,0.661360,0.712607
144,24,65536,1,8192,97,0,0,97,31,1,1,0.095670,0.669688,10.173788,6441.651855,130.761551,0.624160,0.690190
144,24,131072,1,8192,227,0,0,227,29,1,1,0.114596,0.802171,34.667480,3780.834961,125.464310,0.598875,0.676386
144,24,262144,1,8192,489,0,191,298,23,1,1,0.133598,0.883677,127.201981,2060.855957,121.495880,0.579933,0.669357
144,24,524288,1,8192,1014,0,852,162,10,1,1,0.142065,0.933759,487.484680,1075.496338,118.835564,0.567234,0.661162
144,24,1048576,1,0,0,0,0,0,0,0,0,0,0,0,0,0,0,0
144,28,512,1,8192,0,0,0,0,16,12,192,0.002227,0.015592,4.357374,22560.378906,169.544510,0.809282,0.811088
144,28,1024,1,8192,0,0,0,0,16,12,96,0.004387,0.030706,4.432915,22175.998047,168.888153,0.806149,0.809700
144,28,2048,1,8192,0,0,0,0,16,12,48,0.008512,0.059582,4.591657,21409.289062,167.359299,0.798851,0.805709
144,28,4096,1,8192,0,0,0,0,16,11,22,0.016066,0.112464,4.623347,19490.708984,160.209488,0.764723,0.777210
144,28,8192,1,8192,0,0,0,0,16,10,10,0.028884,0.202189,4.817522,17004.792969,153.469849,0.732553,0.754341
144,28,16384,1,8192,0,0,0,0,32,4,4,0.048053,0.336368,4.739812,13826.779297,147.057571,0.701945,0.737378
144,28,32768,1,8192,25,0,0,25,39,2,2,0.071915,0.503406,6.530267,10035.794922,139.065323,0.663796,0.715232
144,28,65536,1,8192,88,0,0,88,40,1,1,0.095670,0.669688,10.134660,6466.547852,131.266922,0.626572,0.692858
144,28,131072,1,8192,217,0,0,217,39,1,1,0.114596,0.802171,34.580475,3790.348145,125.779991,0.600382,0.678088
144,28,262144,1,8192,479,0,181,298,33,1,1,0.133264,0.884017,127.076645,2062.887207,121.615631,0.580504,0.669759
144,28,524288,1,8192,1004,0,842,162,20,1,1,0.141978,0.933854,487.661987,1075.105347,118.792366,0.567028,0.660855
144,28,1048576,1,0,0,0,0,0,0,0,0,0,0,0,0,0,0,0
144,30,512,1,8192,0,0,0,0,16,12,192,0.002227,0.015592,4.368728,22501.773438,169.104065,0.807179,0.808981
144,30,1024,1,8192,0,0,0,0,16,12,96,0.004387,0.030706,4.423159,22224.884766,169.260437,0.807926,0.811485
144,30,2048,1,8192,0,0,0,0,16,12,48,0.008512,0.059582,4.586283,21434.363281,167.555298,0.799787,0.806653
144,30,4096,1,8192,0,0,0,0,16,11,22,0.016066,0.112464,4.621861,19496.933594,160.260651,0.764967,0.777458
144,30,8192,1,8192,0,0,0,0,16,10,10,0.028884,0.202189,4.817421,17004.949219,153.471268,0.732560,0.754349
144,30,16384,1,8192,0,0,0,0,32,4,4,0.048053,0.336368,4.755452,13781.247070,146.573303,0.699634,0.734950
144,30,32768,1,8192,20,0,0,20,44,2,2,0.071915,0.503406,6.518991,10053.122070,139.305435,0.664942,0.716467
144,30,65536,1,8192,83,0,0,83,45,1,1,0.095670,0.669688,10.150949,6456.150391,131.055878,0.625565,0.691744
144,30,131072,1,8192,212,0,0,212,44,1,1,0.114596,0.802171,34.545433,3794.195312,125.907654,0.600991,0.678776
144,30,262144,1,8192,474,0,176,298,38,1,1,0.133097,0.884188,126.975815,2064.530273,121.712509,0.580967,0.670163
144,30,524288,1,8192,999,0,837,162,25,1,1,0.141934,0.933901,487.429504,1075.618042,118.849014,0.567298,0.661136
144,30,1048576,1,0,0,0,0,0,0,0,0,0,0,0,0,0,0,0
160,16,512,1,8192,5,0,0,5,11,12,192,0.002227,0.015592,4.590286,21415.658203,160.941757,0.768218,0.769933
160,16,1024,1,8192,5,0,0,5,11,12,96,0.004387,0.030706,4.593851,21399.166016,162.971924,0.777909,0.781336
160,16,2048,1,8192,5,0,0,5,11,12,48,0.008512,0.059582,4.766820,20622.603516,161.209656,0.769497,0.776103
160,16,4096,1,8192,6,0,0,6,10,11,22,0.016066,0.112464,4.841388,18612.859375,152.993744,0.730280,0.742205
160,16,8192,1,8192,6,0,0,6,10,10,10,0.028884,0.202189,4.892415,16744.316406,151.119034,0.721332,0.742787
160,16,16384,1,8192,20,0,0,20,12,4,4,0.048053,0.336368,4.825419,13581.421875,144.447998,0.689489,0.724293
160,16,32768,1,8192,52,0,0,52,12,2,2,0.071915,0.503406,6.580019,9959.880859,138.013382,0.658775,0.709822
160,16,65536,1,8192,116,0,0,116,12,1,1,0.095670,0.669688,10.285013,6371.999023,129.347641,0.617411,0.682728
160,16,131072,1,8192,247,0,0,247,9,1,1,0.114596,0.802171,34.845947,3761.474609,124.821846,0.595808,0.672922
160,16,262144,1,8192,510,0,161,349,2,1,1,0.132595,0.884699,126.839935,2066.760742,121.844009,0.581594,0.670499
160,16,524288,1,0,0,0,0,0,0,0,0,0,0,0,0,0,0,0
160,16,1048576,1,0,0,0,0,0,0,0,0,0,0,0,0,0,0,0
160,20,512,1,8192,0,0,0,0,16,12,192,0.002227,0.015592,4.368387,22503.578125,169.117630,0.807244,0.809046
160,20,1024,1,8192,0,0,0,0,16,12,96,0.004387,0.030706,4.432250,22179.259766,168.912979,0.806267,0.809819
160,20,2048,1,8192,0,0,0,0,16,12,48,0.008512,0.059582,4.583548,21447.156250,167.655319,0.800264,0.807134
160,20,4096,1,8192,0,0,0,0,16,11,22,0.016066,0.112464,4.613504,19532.242188,160.550873,0.766353,0.778866
160,20,8192,1,8192,0,0,0,0,16,10,10,0.028884,0.202189,4.809580,17032.707031,153.721756,0.733755,0.755580
160,20,16384,1,8192,12,0,0,12,20,4,4,0.048053,0.336368,4.774318,13726.914062,145.995438,0.696876,0.732053
160,20,32768,1,8192,43,0,0,43,21,2,2,0.071915,0.503406,6.560591,9989.372070,138.422043,0.660726,0.711924
160,20,65536,1,8192,107,0,0,107,21,1,1,0.095670,0.669688,10.175725,6440.452637,130.737213,0.624044,0.690062
160,20,131072,1,8192,237,0,0,237,19,1,1,0.114596,0.802171,34.594463,3788.817383,125.729195,0.600139,0.677814
160,20,262144,1,8192,499,0,150,349,13,1,1,0.132227,0.885075,126.811081,2067.225586,121.871399,0.581725,0.670366
160,20,524288,1,0,0,0,0,0,0,0,0,0,0,0,0,0,0,0
160,20,1048576,1,0,0,0,0,0,0,0,0,0,0,0,0,0,0,0
160,24,512,1,8192,0,0,0,0,16,12,192,0.002227,0.015592,4.370181,22494.265625,169.047653,0.806910,0.808711
160,24,1024,1,8192,0,0,0,0,16,12,96,0.004387,0.030706,4.429794,22191.648438,169.007294,0.806717,0.810272
160,24,2048,1,8192,0,0,0,0,16,12,48,0.008512,0.059582,4.584805,21441.292969,167.609467,0.800045,0.806913
160,24,4096,1,8192,0,0,0,0,16,11,22,0.016066,0.112464,4.617326,19516.125000,160.418411,0.765720,0.778224
160,24,8192,1,8192,0,0,0,0,16,10,10,0.028884,0.202189,4.810925,17027.929688,153.678665,0.733550,0.755368
160,24,16384,1,8192,4,0,0,4,28,4,4,0.048053,0.336368,4.737008,13834.896484,147.143906,0.702358,0.737811
160,24,32768,1,8192,34,0,0,34,30,2,2,0.071915,0.503406,6.550034,10005.452148,138.644867,0.661789,0.713070
160,24,65536,1,8192,97,0,0,97,31,1,1,0.095670,0.669688,10.145015,6459.929688,131.132584,0.625931,0.692149
160,24,131072,1,8192,227,0,0,227,29,1,1,0.114596,0.802171,34.592850,3788.994629,125.735077,0.600167,0.677846
160,24,262144,1,8192,489,0,140,349,23,1,1,0.131892,0.885417,126.825233,2066.992188,121.857635,0.581659,0.670031
160,24,524288,1,8192,1014,0,801,213,10,1,1,0.141620,0.934244,486.510773,1077.650391,119.073578,0.568370,0.662143
160,24,1048576,1,0,0,0,0,0,0,0,0,0,0,0,0,0,0,0
160,28,512,1,8192,0,0,0,0,16,12,192,0.002227,0.015592,4.362193,22535.455078,169.357208,0.808388,0.810192
160,28,1024,1,8192,0,0,0,0,16,12,96,0.004387,0.030706,4.420651,22237.570312,169.357071,0.808387,0.811949
160,28,2048,1,8192,0,0,0,0,16,12,48,0.008512,0.059582,4.575547,21484.660156,167.948471,0.801663,0.808545
160,28,4096,1,8192,0,0,0,0,16,11,22,0.016066,0.112464,4.607915,19555.945312,160.745728,0.767283,0.779811
160,28,8192,1,8192,0,0,0,0,16,10,10,0.028884,0.202189,4.801669,17060.750000,153.974869,0.734964,0.756824
160,28,16384,1,8192,0,0,0,0,32,4,4,0.048053,0.336368,4.740206,13825.788086,147.047028,0.701895,0.737325
160,28,32768,1,8192,25,0,0,25,39,2,2,0.071915,0.503406,6.516175,10057.449219,139.365387,0.665229,0.716776
160,28,65536,1,8192,88,0,0,88,40,1,1,0.095670,0.669688,10.136573,6465.311523,131.241821,0.626453,0.692725
160,28,131072,1,8192,217,0,0,217,39,1,1,0.114596,0.802171,34.522202,3796.750977,125.992462,0.601396,0.679233
160,28,262144,1,8192,479,0,130,349,33,1,1,0.131557,0.885758,127.216034,2060.622070,121.482109,0.579867,0.667709
160,28,524288,1,8192,1004,0,791,213,20,1,1,0.141532,0.934339,487.499573,1075.463623,118.831940,0.567217,0.660732
160,28,1048576,1,0,0,0,0,0,0,0,0,0,0,0,0,0,0,0
160,30,512,1,8192,0,0,0,0,16,12,192,0.002227,0.015592,4.366647,22512.468750,169.184448,0.807563,0.809366
160,30,1024,1,8192,0,0,0,0,16,12,96,0.004387,0.030706,4.422353,22228.914062,169.291138,0.808072,0.811633
160,30,2048,1,8192,0,0,0,0,16,12,48,0.008512,0.059582,4.579192,21467.566406,167.814835,0.801026,0.807902
160,30,4096,1,8192,0,0,0,0,16,11,22,0.016066,0.112464,4.626357,19477.960938,160.104706,0.764223,0.776702
160,30,8192,1,8192,0,0,0,0,16,10,10,0.028884,0.202189,4.804892,17049.363281,153.872101,0.734473,0.756319
160,30,16384,1,8192,0,0,0,0,32,4,4,0.048053,0.336368,4.738797,13829.766602,147.089340,0.702097,0.737538
160,30,32768,1,8192,20,0,0,20,44,2,2,0.071915,0.503406,6.504088,10076.123047,139.624161,0.666464,0.718107
160,30,65536,1,8192,83,0,0,83,45,1,1,0.095670,0.669688,10.147812,6458.174805,131.096970,0.625761,0.691961
160,30,131072,1,8192,212,0,0,212,44,1,1,0.114596,0.802171,34.528408,3796.067383,125.969780,0.601288,0.679111
160,30,262144,1,8192,474,0,125,349,38,1,1,0.131389,0.885929,127.256920,2059.960938,121.443123,0.579681,0.667365
160,30,524288,1,8192,999,0,786,213,25,1,1,0.141488,0.934386,486.616943,1077.415161,119.047585,0.568246,0.661897
160,30,1048576,1,0,0,0,0,0,0,0,0,0,0,0,0,0,0,0
176,16,512,1,8192,5,0,0,5,11,12,192,0.002227,0.015592,4.541428,21646.080078,162.673431,0.776484,0.778218
176,16,1024,1,8192,5,0,0,5,11,12,96,0.004387,0.030706,4.589019,21422.308594,163.148193,0.778750,0.782181
176,16,2048,1,8192,5,0,0,5,11,12,48,0.008512,0.059582,4.704046,20897.757812,163.360580,0.779764,0.786458
176,16,4096,1,8192,6,0,0,6,10,11,22,0.016066,0.112464,4.832592,18646.785156,153.272583,0.731611,0.743558
176,16,8192,1,8192,6,0,0,6,10,10,10,0.028884,0.202189,4.884213,16772.666016,151.374878,0.722553,0.744044
176,16,16384,1,8192,20,0,0,20,12,4,4,0.048053,0.336368,4.800508,13651.901367,145.197617,0.693067,0.728052
176,16,32768,1,8192,52,0,0,52,12,2,2,0.071915,0.503406,6.576010,9966.137695,138.100098,0.659189,0.710268
176,16,65536,1,8192,116,0,0,116,12,1,1,0.095670,0.669688,10.296953,6364.641602,129.198303,0.616698,0.681939
176,16,131072,1,8192,247,0,0,247,9,1,1,0.114596,0.802171,34.837830,3762.349121,124.850876,0.595947,0.673079
176,16,262144,1,8192,510,0,110,400,2,1,1,0.130886,0.886443,127.466217,2056.578125,121.243683,0.578729,0.665883
176,16,524288,1,0,0,0,0,0,0,0,0,0,0,0,0,0,0,0
176,16,1048576,1,0,0,0,0,0,0,0,0,0,0,0,0,0,0,0
176,20,512,1,8192,0,0,0,0,16,12,192,0.002227,0.015592,4.360244,22545.542969,169.432999,0.808749,0.810555
176,20,1024,1,8192,0,0,0,0,16,12,96,0.004387,0.030706,4.432606,22177.484375,168.899460,0.806203,0.809755
176,20,2048,1,8192,0,0,0,0,16,12,48,0.008512,0.059582,4.585271,21439.105469,167.592377,0.799964,0.806831
176,20,4096,1,8192,0,0,0,0,16,11,22,0.016066,0.112464,4.614424,19528.375000,160.519073,0.766201,0.778712
176,20,8192,1,8192,0,0,0,0,16,10,10,0.028884,0.202189,4.821853,16989.324219,153.330231,0.731887,0.753655
176,20,16384,1,8192,12,0,0,12,20,4,4,0.048053,0.336368,4.788355,13686.673828,145.567444,0.694833,0.729906
176,20,32768,1,8192,43,0,0,43,21,2,2,0.071915,0.503406,6.572787,9970.819336,138.164978,0.659499,0.710602
176,20,65536,1,8192,107,0,0,107,21,1,1,0.095670,0.669688,10.195893,6427.696289,130.478271,0.622808,0.688695
176,20,131072,1,8192,237,0,0,237,19,1,1,0.114596,0.802171,34.616188,3786.445312,125.650475,0.599764,0.677390
176,20,262144,1,8192,499,0,99,400,13,1,1,0.130516,0.886820,127.334686,2058.702637,121.368950,0.579327,0.666288
176,20,524288,1,0,0,0,0,0,0,0,0,0,0,0,0,0,0,0
176,20,1048576,1,0,0,0,0,0,0,0,0,0,0,0,0,0,0,0
176,24,512,1,8192,0,0,0,0,16,12,192,0.002227,0.015592,4.359846,22547.593750,169.448410,0.808823,0.810629
176,24,1024,1,8192,0,0,0,0,16,12,96,0.004387,0.030706,4.446643,22107.824219,168.368942,0.803670,0.807211
176,24,2048,1,8192,0,0,0,0,16,12,48,0.008512,0.059582,4.581474,21456.908203,167.731522,0.800628,0.807501
176,24,4096,1,8192,0,0,0,0,16,11,22,0.016066,0.112464,4.617749,19514.267578,160.403137,0.765647,0.778149
176,24,8192,1,8192,0,0,0,0,16,10,10,0.028884,0.202189,4.810356,17030.041016,153.697723,0.733641,0.755461
176,24,16384,1,8192,4,0,0,4,28,4,4,0.048053,0.336368,4.745450,13810.287109,146.882172,0.701108,0.736499
176,24,32768,1,8192,34,0,0,34,30,2,2,0.071915,0.503406,6.555996,9996.361328,138.518890,0.661188,0.712422
176,24,65536,1,8192,97,0,0,97,31,1,1,0.095670,0.669688,10.168941,6444.761230,130.824677,0.624461,0.690524
176,24,131072,1,8192,227,0,0,227,29,1,1,0.114596,0.802171,34.613998,3786.679688,125.658241,0.599801,0.677432
176,24,262144,1,8192,489,0,89,400,23,1,1,0.130180,0.887163,127.309464,2059.111328,121.393021,0.579442,0.666163
176,24,524288,1,8192,1014,0,750,264,10,1,1,0.141174,0.934729,486.420288,1077.851074,119.095749,0.568476,0.661922
176,24,1048576,1,0,0,0,0,0,0,0,0,0,0,0,0,0,0,0
176,28,512,1,8192,0,0,0,0,16,12,192,0.002227,0.015592,4.358684,22553.619141,169.493698,0.809039,0.810845
176,28,1024,1,8192,0,0,0,0,16,12,96,0.004387,0.030706,4.429892,22191.066406,169.002899,0.806696,0.810251
176,28,2048,1,8192,0,0,0,0,16,12,48,0.008512,0.059582,4.579988,21463.830078,167.785645,0.800886,0.807762
176,28,4096,1,8192,0,0,0,0,16,11,22,0.016066,0.112464,4.611370,19541.445312,160.626511,0.766714,0.779233
176,28,8192,1,8192,0,0,0,0,16,10,10,0.028884,0.202189,4.815570,17011.507812,153.530457,0.732842,0.754639
176,28,16384,1,8192,0,0,0,0,32,4,4,0.048053,0.336368,4.743310,13816.568359,146.948975,0.701427,0.736834
176,28,32768,1,8192,25,0,0,25,39,2,2,0.071915,0.503406,6.525940,10042.384766,139.156647,0.664232,0.715702
176,28,65536,1,8192,88,0,0,88,40,1,1,0.095670,0.669688,10.144114,6460.520508,131.144577,0.625988,0.692212
176,28,131072,1,8192,217,0,0,217,39,1,1,0.114596,0.802171,34.521095,3796.876465,125.996620,0.601416,0.679256
176,28,262144,1,8192,479,0,79,400,33,1,1,0.129843,0.887506,127.153816,2061.634277,121.541786,0.580152,0.666721
176,28,524288,1,8192,1004,0,740,264,20,1,1,0.141086,0.934824,487.299164,1075.905884,118.880814,0.567450,0.660660
176,28,1048576,1,0,0,0,0,0,0,0,0,0,0,0,0,0,0,0
176,30,512,1,8192,0,0,0,0,16,12,192,0.002227,0.015592,4.369421,22498.269531,169.077744,0.807054,0.808855
176,30,1024,1,8192,0,0,0,0,16,12,96,0.004387,0.030706,4.428760,22196.800781,169.046555,0.806905,0.810460
176,30,2048,1,8192,0,0,0,0,16,12,48,0.008512,0.059582,4.589738,21418.390625,167.430420,0.799191,0.806051
176,30,4096,1,8192,0,0,0,0,16,11,22,0.016066,0.112464,4.617620,19514.812500,160.407593,0.765669,0.778171
176,30,8192,1,8192,0,0,0,0,16,10,10,0.028884,0.202189,4.793464,17089.945312,154.238342,0.736221,0.758119
176,30,16384,1,8192,0,0,0,0,32,4,4,0.048053,0.336368,4.740825,13823.900391,147.026947,0.701799,0.737225
176,30,32768,1,8192,20,0,0,20,44,2,2,0.071915,0.503406,6.508098,10069.934570,139.538391,0.666054,0.717665
176,30,65536,1,8192,83,0,0,83,45,1,1,0.095670,0.669688,10.142319,6461.656250,131.167633,0.626099,0.692334
176,30,131072,1,8192,212,0,0,212,44,1,1,0.114596,0.802171,34.513683,3797.683105,126.023399,0.601544,0.679400
176,30,262144,1,8192,474,0,74,400,38,1,1,0.129675,0.887678,127.165085,2061.450195,121.530914,0.580100,0.666532
176,30,524288,1,8192,999,0,735,264,25,1,1,0.141042,0.934872,486.365265,1077.972656,119.109184,0.568540,0.661896
176,30,1048576,1,0,0,0,0,0,0,0,0,0,0,0,0,0,0,0
