16,12,512,1,96,2.171509,22911.105469,171.603714,0.173512
16,12,1024,1,48,2.085263,23571.871094,178.332428,0.180316
16,12,2048,1,24,2.089123,23528.226562,181.554871,0.183574
16,12,4096,1,12,2.095981,23451.242188,188.042877,0.190134
16,12,8192,1,6,2.107545,23322.541016,201.097229,0.203334
16,12,12288,1,0,0,0,0,0
16,12,16384,1,0,0,0,0,0
16,12,24576,1,0,0,0,0,0
16,12,32768,1,0,0,0,0,0
16,12,65536,1,0,0,0,0,0
16,12,131072,1,0,0,0,0,0
16,16,512,1,96,1.332494,36896.105469,276.351044,0.279425
16,16,1024,1,48,1.333710,36862.679688,278.883667,0.281986
16,16,2048,1,24,1.338485,36730.878906,283.432739,0.286585
16,16,4096,1,12,1.349491,36430.519531,292.116699,0.295366
16,16,8192,1,6,1.362750,36075.597656,311.059692,0.314519
16,16,12288,1,0,0,0,0,0
16,16,16384,1,0,0,0,0,0
16,16,24576,1,0,0,0,0,0
16,16,32768,1,0,0,0,0,0
16,16,65536,1,0,0,0,0,0
16,16,131072,1,0,0,0,0,0
16,20,512,1,96,0.909663,54063.042969,404.931030,0.409435
16,20,1024,1,48,0.924529,53191.437500,402.418579,0.406894
16,20,2048,1,24,0.952557,51622.910156,398.346649,0.402777
16,20,4096,1,12,1.012453,48566.808594,389.431030,0.393762
16,20,8192,1,6,1.123604,43761.652344,377.332275,0.381529
16,20,12288,1,6,1.984277,37158.843750,342.843109,0.346656
16,20,16384,1,6,2.549521,38559.625000,379.056519,0.383273
16,20,24576,1,0,0,0,0,0
16,20,32768,1,0,0,0,0,0
16,20,65536,1,0,0,0,0,0
16,20,131072,1,0,0,0,0,0
16,24,512,1,96,0.905744,54297.019531,406.683472,0.411207
16,24,1024,1,48,0.920831,53406.320312,404.044220,0.408538
16,24,2048,1,24,0.950169,51755.226562,399.367706,0.403810
16,24,4096,1,12,1.012251,48579.312500,389.531311,0.393864
16,24,8192,1,6,1.121951,43826.648438,377.892639,0.382096
16,24,12288,1,6,1.720549,42856.933594,395.416077,0.399814
16,24,16384,1,6,2.523005,38964.468750,383.036285,0.387297
16,24,24576,1,0,0,0,0,0
16,24,32768,1,0,0,0,0,0
16,24,65536,1,0,0,0,0,0
16,24,131072,1,0,0,0,0,0
16,28,512,1,96,0.904948,54344.761719,407.041107,0.411568
16,28,1024,1,48,0.919615,53478.957031,404.593781,0.409094
16,28,2048,1,24,0.947676,51889.617188,400.404694,0.404858
16,28,4096,1,12,1.008789,48744.324219,390.854462,0.395202
16,28,8192,1,6,1.119216,43932.324219,378.803894,0.383017
16,28,12288,1,6,1.713758,43026.070312,396.976593,0.401392
16,28,16384,1,6,2.514647,39094.750000,384.316986,0.388592
16,28,24576,1,6,4.375405,33701.476562,372.008972,0.376147
16,28,32768,1,0,0,0,0,0
16,28,65536,1,0,0,0,0,0
16,28,131072,1,0,0,0,0,0
16,30,512,1,96,0.905203,54330.085938,406.931183,0.411457
16,30,1024,1,48,0.918284,53554.351562,405.164185,0.409671
16,30,2048,1,24,0.951435,51686.949219,398.840851,0.403277
16,30,4096,1,12,1.009309,48719.519531,390.655548,0.395001
16,30,8192,1,6,1.118497,43962.855469,379.067108,0.383283
16,30,12288,1,6,1.712841,43049.906250,397.196503,0.401614
16,30,16384,1,6,2.515329,39084.007812,384.211456,0.388485
16,30,24576,1,6,4.354615,33862.445312,373.785797,0.377943
16,30,32768,1,0,0,0,0,0
16,30,65536,1,0,0,0,0,0
16,30,131072,1,0,0,0,0,0
16,40,512,1,96,0.904502,54374.085938,407.260742,0.411790
16,40,1024,1,48,0.917247,53617.750000,405.643768,0.410155
16,40,2048,1,24,0.948228,51863.917969,400.206390,0.404658
16,40,4096,1,12,1.008964,48736.382812,390.790741,0.395137
16,40,8192,1,6,1.117362,44006.339844,379.442047,0.383662
16,40,12288,1,6,1.709509,43133.394531,397.966797,0.402393
16,40,16384,1,6,2.508580,39189.210938,385.245667,0.389530
16,40,24576,1,6,4.336257,34005.984375,375.370300,0.379545
16,40,32768,1,6,6.754586,29107.472656,356.459381,0.360424
16,40,65536,1,0,0,0,0,0
16,40,131072,1,0,0,0,0,0
16,50,512,1,96,0.903915,54407.699219,407.512482,0.412045
16,50,1024,1,48,0.917109,53626.257812,405.708160,0.410221
16,50,2048,1,24,0.946958,51936.269531,400.764709,0.405222
16,50,4096,1,12,1.006670,48848.039062,391.686157,0.396043
16,50,8192,1,6,1.116783,44030.355469,379.649078,0.383872
16,50,12288,1,6,1.710531,43109.304688,397.744568,0.402168
16,50,16384,1,6,2.507043,39212.886719,385.478394,0.389766
16,50,24576,1,6,4.344696,33939.589844,374.637451,0.378804
16,50,32768,1,6,6.783267,28984.474609,354.953094,0.358901
16,50,65536,1,0,0,0,0,0
16,50,131072,1,0,0,0,0,0
16,60,512,1,96,0.907048,54218.644531,406.096405,0.410613
16,60,1024,1,48,0.920545,53424.167969,404.179230,0.408675
16,60,2048,1,24,0.951239,51696.535156,398.914856,0.403352
16,60,4096,1,12,1.011754,48602.710938,389.718933,0.394054
16,60,8192,1,6,1.123696,43754.824219,377.273346,0.381470
16,60,12288,1,6,1.718185,42915.574219,395.957123,0.400361
16,60,16384,1,6,2.525179,38931.468750,382.711914,0.386969
16,60,24576,1,6,4.368806,33752.539062,372.572632,0.376717
16,60,32768,1,6,6.804755,28892.902344,353.831696,0.357767
16,60,65536,1,6,20.114424,19549.052734,333.861847,0.337575
16,60,131072,1,0,0,0,0,0
16,70,512,1,96,0.903814,54415.804688,407.573212,0.412106
16,70,1024,1,48,0.917469,53602.773438,405.530518,0.410041
16,70,2048,1,24,0.948317,51857.414062,400.156219,0.404607
16,70,4096,1,12,1.008743,48748.687500,390.889435,0.395237
16,70,8192,1,6,1.119836,43908.226562,378.596039,0.382807
16,70,12288,1,6,1.718987,42895.562500,395.772522,0.400174
16,70,16384,1,6,2.524320,38944.929688,382.844269,0.387102
16,70,24576,1,6,4.373954,33712.718750,372.133087,0.376272
16,70,32768,1,6,6.785537,28974.697266,354.833435,0.358780
16,70,65536,1,6,20.047066,19614.646484,334.982025,0.338708
16,70,131072,1,0,0,0,0,0
16,78,512,1,96,0.905149,54332.675781,406.950562,0.411477
16,78,1024,1,48,0.917124,53622.570312,405.680267,0.410192
16,78,2048,1,24,0.949077,51819.121094,399.860718,0.404308
16,78,4096,1,12,1.006713,48849.425781,391.697144,0.396054
16,78,8192,1,6,1.117043,44020.910156,379.567657,0.383789
16,78,12288,1,6,1.711315,43088.976562,397.557007,0.401979
16,78,16384,1,6,2.514203,39101.566406,384.384064,0.388659
16,78,24576,1,6,4.349645,33901.136719,374.212952,0.378375
16,78,32768,1,6,6.764574,29064.593750,355.934265,0.359893
16,78,65536,1,6,20.023933,19637.316406,335.369202,0.339099
16,78,131072,1,0,0,0,0,0
24,12,512,1,96,2.082220,23606.296875,176.810669,0.178777
24,12,1024,1,48,2.083775,23588.654297,178.459412,0.180444
24,12,2048,1,24,2.087415,23547.513672,181.703690,0.183725
24,12,4096,1,12,2.094153,23471.777344,188.207535,0.190301
24,12,8192,1,6,2.105332,23347.070312,201.308731,0.203548
24,12,12288,1,0,0,0,0,0
24,12,16384,1,6,4.376280,22463.005859,220.820343,0.223276
24,12,24576,1,0,0,0,0,0
24,12,32768,1,0,0,0,0,0
24,12,65536,1,0,0,0,0,0
24,12,131072,1,0,0,0,0,0
24,16,512,1,96,1.332031,36909.117188,276.448486,0.279523
24,16,1024,1,48,1.333972,36854.960938,278.825348,0.281927
24,16,2048,1,24,1.337938,36745.597656,283.546295,0.286700
24,16,4096,1,12,1.349184,36438.964844,292.184418,0.295434
24,16,8192,1,6,1.363076,36066.953125,310.985168,0.314444
24,16,12288,1,6,2.725522,27051.484375,249.588364,0.252364
24,16,16384,1,6,2.999238,32776.996094,322.210999,0.325795
24,16,24576,1,0,0,0,0,0
24,16,32768,1,0,0,0,0,0
24,16,65536,1,0,0,0,0,0
24,16,131072,1,0,0,0,0,0
24,20,512,1,96,0.910137,54033.687500,404.711182,0.409213
24,20,1024,1,48,0.922961,53281.238281,403.097900,0.407581
24,20,2048,1,24,0.953386,51580.074219,398.016205,0.402443
24,20,4096,1,12,1.014132,48485.226562,388.776855,0.393101
24,20,8192,1,6,1.119262,43926.929688,378.757324,0.382970
24,20,12288,1,6,1.986126,37124.242188,342.523865,0.346334
24,20,16384,1,6,2.545377,38623.320312,379.682648,0.383906
24,20,24576,1,6,4.534281,32520.542969,358.973480,0.362966
24,20,32768,1,0,0,0,0,0
24,20,65536,1,0,0,0,0,0
24,20,131072,1,0,0,0,0,0
24,24,512,1,96,0.905113,54335.820312,406.974091,0.411501
24,24,1024,1,48,0.918678,53531.742188,404.993073,0.409498
24,24,2048,1,24,0.949596,51785.742188,399.603119,0.404048
24,24,4096,1,12,1.012740,48557.085938,389.353119,0.393684
24,24,8192,1,6,1.121445,43846.031250,378.059784,0.382265
24,24,12288,1,6,1.720148,42866.113281,395.500793,0.399900
24,24,16384,1,6,2.523520,38957.417969,382.967041,0.387227
24,24,24576,1,6,4.366978,33766.425781,372.725922,0.376872
24,24,32768,1,0,0,0,0,0
24,24,65536,1,0,0,0,0,0
24,24,131072,1,0,0,0,0,0
24,28,512,1,96,0.903644,54425.406250,407.645142,0.412179
24,28,1024,1,48,0.917142,53623.156250,405.684662,0.410197
24,28,2048,1,24,0.947571,51897.199219,400.463226,0.404917
24,28,4096,1,12,1.007947,48787.273438,391.198883,0.395550
24,28,8192,1,6,1.115522,44076.398438,380.046143,0.384273
24,28,12288,1,6,1.712471,43060.023438,397.289886,0.401709
24,28,16384,1,6,2.506075,39228.226562,385.629150,0.389918
24,28,24576,1,6,4.428111,33300.351562,367.581238,0.371670
24,28,32768,1,6,6.808900,28875.218750,353.615173,0.357548
24,28,65536,1,0,0,0,0,0
24,28,131072,1,0,0,0,0,0
24,30,512,1,96,0.906378,54260.324219,406.408661,0.410929
24,30,1024,1,48,0.918897,53518.167969,404.890411,0.409394
24,30,2048,1,24,0.949416,51796.113281,399.683136,0.404129
24,30,4096,1,12,1.010859,48642.578125,390.038605,0.394377
24,30,8192,1,6,1.121996,43823.054688,377.861755,0.382064
24,30,12288,1,6,1.717551,42932.179688,396.110352,0.400516
24,30,16384,1,6,2.521889,38982.601562,383.214539,0.387477
24,30,24576,1,6,4.377645,33684.167969,371.817993,0.375953
24,30,32768,1,6,6.679620,29434.130859,360.459747,0.364469
24,30,65536,1,0,0,0,0,0
24,30,131072,1,0,0,0,0,0
24,40,512,1,96,0.906304,54263.492188,406.432343,0.410953
24,40,1024,1,48,0.920149,53446.699219,404.349731,0.408847
24,40,2048,1,24,0.950138,51759.898438,399.403717,0.403846
24,40,4096,1,12,1.009487,48711.496094,390.591217,0.394936
24,40,8192,1,6,1.118740,43950.144531,378.957520,0.383172
24,40,12288,1,6,1.711443,43084.289062,397.513733,0.401935
24,40,16384,1,6,2.512120,39134.683594,384.709595,0.388988
24,40,24576,1,6,4.414709,33401.320312,368.695770,0.372797
24,40,32768,1,6,6.647111,29578.146484,362.223450,0.366252
24,40,65536,1,0,0,0,0,0
24,40,131072,1,0,0,0,0,0
24,50,512,1,96,0.905933,54285.117188,406.594330,0.411117
24,50,1024,1,48,0.920683,53415.054688,404.110352,0.408605
24,50,2048,1,24,0.951129,51704.605469,398.977081,0.403415
24,50,4096,1,12,1.013132,48533.585938,389.164642,0.393493
24,50,8192,1,6,1.122059,43822.332031,377.855438,0.382058
24,50,12288,1,6,1.718034,42919.828125,395.996399,0.400401
24,50,16384,1,6,2.524376,38943.726562,382.832367,0.387090
24,50,24576,1,6,4.421445,33350.492188,368.134735,0.372229
24,50,32768,1,6,6.632267,29644.296875,363.033478,0.367071
24,50,65536,1,0,0,0,0,0
24,50,131072,1,0,0,0,0,0
24,60,512,1,96,0.904537,54371.144531,407.238617,0.411768
24,60,1024,1,48,0.917594,53597.675781,405.491882,0.410002
24,60,2048,1,24,0.948559,51843.617188,400.049683,0.404499
24,60,4096,1,12,1.008937,48741.277344,390.830017,0.395177
24,60,8192,1,6,1.116446,44043.386719,379.761536,0.383985
24,60,12288,1,6,1.711687,43080.511719,397.478882,0.401900
24,60,16384,1,6,2.509341,39177.191406,385.127472,0.389411
24,60,24576,1,6,4.403740,33484.703125,369.616241,0.373727
24,60,32768,1,6,6.624152,29680.582031,363.477875,0.367521
24,60,65536,1,6,20.186712,19479.044922,332.666229,0.336366
24,60,131072,1,0,0,0,0,0
24,70,512,1,96,0.905302,54324.667969,406.890564,0.411416
24,70,1024,1,48,0.919143,53504.554688,404.787415,0.409290
24,70,2048,1,24,0.950184,51755.480469,399.369629,0.403812
24,70,4096,1,12,1.011404,48621.414062,389.868866,0.394205
24,70,8192,1,6,1.122911,43785.636719,377.539093,0.381738
24,70,12288,1,6,1.718931,42897.554688,395.790894,0.400193
24,70,16384,1,6,2.519398,39020.738281,383.589386,0.387856
24,70,24576,1,6,4.426486,33312.718750,367.717773,0.371808
24,70,32768,1,6,6.632096,29645.072266,363.042969,0.367081
24,70,65536,1,6,20.054846,19607.037109,334.852081,0.338576
24,70,131072,1,0,0,0,0,0
24,78,512,1,96,0.905901,54289.679688,406.628540,0.411151
24,78,1024,1,48,0.917639,53594.574219,405.468475,0.409978
24,78,2048,1,24,0.948518,51847.332031,400.078400,0.404528
24,78,4096,1,12,1.009546,48708.019531,390.563293,0.394907
24,78,8192,1,6,1.118638,43956.742188,379.014313,0.383230
24,78,12288,1,6,1.712566,43055.968750,397.252472,0.401671
24,78,16384,1,6,2.513071,39118.769531,384.553131,0.388830
24,78,24576,1,6,4.413949,33407.261719,368.761383,0.372863
24,78,32768,1,6,6.627727,29664.599609,363.282166,0.367323
24,78,65536,1,6,20.064335,19597.767578,334.693726,0.338416
24,78,131072,1,0,0,0,0,0
32,12,512,1,96,2.082423,23603.962891,176.793167,0.178760
32,12,1024,1,48,2.084023,23585.865234,178.438293,0.180423
32,12,2048,1,24,2.087660,23544.761719,181.682449,0.183703
32,12,4096,1,12,2.094456,23468.308594,188.179703,0.190273
32,12,8192,1,6,2.106586,23333.281250,201.189819,0.203428
32,12,12288,1,0,0,0,0,0
32,12,16384,1,6,4.374406,22472.613281,220.914780,0.223372
32,12,24576,1,6,6.382006,23105.011719,255.041428,0.257878
32,12,32768,1,0,0,0,0,0
32,12,65536,1,0,0,0,0,0
32,12,131072,1,0,0,0,0,0
32,16,512,1,96,1.331848,36913.945312,276.484680,0.279560
32,16,1024,1,48,1.333555,36866.421875,278.912018,0.282014
32,16,2048,1,24,1.337188,36766.023438,283.703949,0.286859
32,16,4096,1,12,1.349381,36433.773438,292.142792,0.295392
32,16,8192,1,6,1.362564,36080.585938,311.102661,0.314563
32,16,12288,1,6,2.725882,27047.886719,249.555176,0.252331
32,16,16384,1,6,2.996597,32806.050781,322.496643,0.326084
32,16,24576,1,6,4.969338,29673.312500,327.544708,0.331188
32,16,32768,1,6,6.981077,28163.019531,344.893311,0.348729
32,16,65536,1,0,0,0,0,0
32,16,131072,1,0,0,0,0,0
32,20,512,1,96,0.910432,54016.636719,404.583435,0.409083
32,20,1024,1,48,0.923223,53265.914062,402.981964,0.407464
32,20,2048,1,24,0.952940,51604.484375,398.204468,0.402633
32,20,4096,1,12,1.013756,48504.632812,388.932434,0.393258
32,20,8192,1,6,1.121025,43860.804688,378.187164,0.382393
32,20,12288,1,6,1.983810,37168.531250,342.932465,0.346747
32,20,16384,1,6,2.544081,38641.992188,379.866302,0.384091
32,20,24576,1,6,4.548411,32419.583984,357.859009,0.361839
32,20,32768,1,6,6.913173,28439.671875,348.281311,0.352155
32,20,65536,1,0,0,0,0,0
32,20,131072,1,0,0,0,0,0
32,24,512,1,96,0.905258,54328.476562,406.919098,0.411445
32,24,1024,1,48,0.918980,53511.457031,404.839630,0.409342
32,24,2048,1,24,0.949125,51811.914062,399.805084,0.404252
32,24,4096,1,12,1.008845,48741.042969,390.828125,0.395175
32,24,8192,1,6,1.116142,44052.222656,379.837646,0.384062
32,24,12288,1,6,1.723642,42779.335938,394.700134,0.399090
32,24,16384,1,6,2.529347,38866.750000,382.075714,0.386325
32,24,24576,1,6,4.381303,33655.949219,371.506531,0.375639
32,24,32768,1,6,6.838675,28749.619141,352.076965,0.355993
32,24,65536,1,0,0,0,0,0
32,24,131072,1,0,0,0,0,0
32,28,512,1,96,0.906573,54246.000000,406.301331,0.410820
32,28,1024,1,48,0.920158,53444.843750,404.335663,0.408833
32,28,2048,1,24,0.949416,51796.417969,399.685577,0.404131
32,28,4096,1,12,1.008179,48773.210938,391.086029,0.395436
32,28,8192,1,6,1.118178,43970.914062,379.136566,0.383353
32,28,12288,1,6,1.716103,42968.589844,396.446289,0.400856
32,28,16384,1,6,2.545646,38618.628906,379.636536,0.383859
32,28,24576,1,6,4.445987,33166.417969,366.102814,0.370175
32,28,32768,1,6,6.830629,28783.427734,352.491028,0.356412
32,28,65536,1,0,0,0,0,0
32,28,131072,1,0,0,0,0,0
32,30,512,1,96,0.905987,54282.167969,406.572266,0.411094
32,30,1024,1,48,0.920445,53428.757812,404.213928,0.408710
32,30,2048,1,24,0.951405,51692.898438,398.886780,0.403323
32,30,4096,1,12,1.009121,48728.214844,390.725250,0.395071
32,30,8192,1,6,1.117810,43986.074219,379.267303,0.383486
32,30,12288,1,6,1.717713,42927.738281,396.069336,0.400475
32,30,16384,1,6,2.542168,38670.984375,380.151245,0.384379
32,30,24576,1,6,4.378200,33679.960938,371.771484,0.375906
32,30,32768,1,6,6.823859,28811.958984,352.840485,0.356765
32,30,65536,1,0,0,0,0,0
32,30,131072,1,0,0,0,0,0
32,40,512,1,96,0.906086,54276.980469,406.533478,0.411055
32,40,1024,1,48,0.919285,53497.351562,404.732910,0.409234
32,40,2048,1,24,0.950806,51720.738281,399.101593,0.403541
32,40,4096,1,12,1.009562,48711.085938,390.587891,0.394932
32,40,8192,1,6,1.115977,44059.531250,379.900665,0.384126
32,40,12288,1,6,1.716105,42967.031250,396.431854,0.400841
32,40,16384,1,6,2.545117,38626.882812,379.717743,0.383941
32,40,24576,1,6,4.419809,33362.980469,368.272614,0.372369
32,40,32768,1,6,6.640146,29609.156250,362.603180,0.366636
32,40,65536,1,0,0,0,0,0
32,40,131072,1,0,0,0,0,0
32,50,512,1,96,0.903882,54412.085938,407.545349,0.412078
32,50,1024,1,48,0.917840,53580.195312,405.359650,0.409868
32,50,2048,1,24,0.949513,51795.167969,399.675903,0.404121
32,50,4096,1,12,1.011880,48598.929688,389.688629,0.394023
32,50,8192,1,6,1.117851,43985.574219,379.263000,0.383481
32,50,12288,1,6,1.718359,42911.132812,395.916199,0.400320
32,50,16384,1,6,2.544910,38630.078125,379.749084,0.383973
32,50,24576,1,6,4.429440,33290.351562,367.470886,0.371558
32,50,32768,1,6,6.665300,29497.396484,361.234497,0.365252
32,50,65536,1,6,20.175303,19490.003906,332.853363,0.336555
32,50,131072,1,0,0,0,0,0
32,60,512,1,96,0.903733,54419.019531,407.597290,0.412131
32,60,1024,1,48,0.918014,53572.167969,405.298950,0.409807
32,60,2048,1,24,0.948204,51860.582031,400.180695,0.404632
32,60,4096,1,12,1.009887,48692.613281,390.439850,0.394782
32,60,8192,1,6,1.119013,43935.832031,378.834076,0.383048
32,60,12288,1,6,1.719840,42874.070312,395.574158,0.399974
32,60,16384,1,6,2.551500,38530.011719,378.765442,0.382978
32,60,24576,1,6,4.454144,33105.726562,365.432922,0.369497
32,60,32768,1,6,6.687566,29399.156250,360.031464,0.364036
32,60,65536,1,6,20.114933,19548.525391,333.852783,0.337566
32,60,131072,1,0,0,0,0,0
32,70,512,1,96,0.903268,54448.425781,407.817535,0.412353
32,70,1024,1,48,0.918118,53565.855469,405.251251,0.409759
32,70,2048,1,24,0.948007,51871.839844,400.267578,0.404720
32,70,4096,1,12,1.007521,48805.312500,391.343506,0.395696
32,70,8192,1,6,1.116111,44055.429688,379.865326,0.384090
32,70,12288,1,6,1.717193,42940.195312,396.184326,0.400591
32,70,16384,1,6,2.547708,38587.382812,379.329407,0.383548
32,70,24576,1,6,4.430829,33279.812500,367.354523,0.371440
32,70,32768,1,6,6.644528,29589.609375,362.363770,0.366394
32,70,65536,1,6,20.055805,19606.125000,334.836426,0.338561
32,70,131072,1,0,0,0,0,0
32,78,512,1,96,0.905112,54335.855469,406.974365,0.411501
32,78,1024,1,48,0.917892,53578.867188,405.349670,0.409858
32,78,2048,1,24,0.948184,51865.343750,400.217407,0.404669
32,78,4096,1,12,1.010129,48681.449219,390.350311,0.394692
32,78,8192,1,6,1.116141,44053.968750,379.852753,0.384078
32,78,12288,1,6,1.718790,42900.898438,395.821747,0.400224
32,78,16384,1,6,2.550911,38539.105469,378.854797,0.383069
32,78,24576,1,6,4.441710,33198.453125,366.456421,0.370532
32,78,32768,1,6,6.666365,29492.718750,361.177216,0.365194
32,78,65536,1,6,20.073090,19589.238281,334.548065,0.338269
32,78,131072,1,0,0,0,0,0
48,12,512,1,96,2.082909,23598.468750,176.752014,0.178718
48,12,1024,1,48,2.084006,23586.152344,178.440460,0.180425
48,12,2048,1,24,2.087422,23547.441406,181.703125,0.183724
48,12,4096,1,12,2.095027,23461.917969,188.128464,0.190221
48,12,8192,1,6,2.106385,23335.367188,201.207825,0.203446
48,12,12288,1,0,0,0,0,0
48,12,16384,1,6,4.379811,22444.884766,220.642197,0.223096
48,12,24576,1,6,6.385117,23093.738281,254.917007,0.257752
48,12,32768,1,0,0,0,0,0
48,12,65536,1,0,0,0,0,0
48,12,131072,1,0,0,0,0,0
48,16,512,1,96,1.331893,36912.695312,276.475281,0.279550
48,16,1024,1,48,1.334173,36849.320312,278.782623,0.281883
48,16,2048,1,24,1.337524,36756.757812,283.632416,0.286787
48,16,4096,1,12,1.348854,36447.535156,292.253143,0.295504
48,16,8192,1,6,1.363191,36063.867188,310.958527,0.314417
48,16,12288,1,6,2.724750,27059.128906,249.658890,0.252436
48,16,16384,1,6,2.995577,32817.054688,322.604767,0.326193
48,16,24576,1,6,4.957718,29742.863281,328.312469,0.331964
48,16,32768,1,6,6.933404,28356.740234,347.265656,0.351128
48,16,65536,1,0,0,0,0,0
48,16,131072,1,0,0,0,0,0
48,20,512,1,96,0.909230,54086.925781,405.109924,0.409616
48,20,1024,1,48,0.923413,53255.992188,402.906952,0.407388
48,20,2048,1,24,0.952218,51642.792969,398.500092,0.402932
48,20,4096,1,12,1.012573,48561.054688,389.384918,0.393716
48,20,8192,1,6,1.120626,43873.976562,378.300720,0.382508
48,20,12288,1,6,1.982372,37195.222656,343.178802,0.346996
48,20,16384,1,6,2.548742,38570.980469,379.168182,0.383385
48,20,24576,1,6,4.550448,32405.062500,357.698700,0.361677
48,20,32768,1,6,6.780232,28997.365234,355.111023,0.359061
48,20,65536,1,0,0,0,0,0
48,20,131072,1,0,0,0,0,0
48,24,512,1,96,0.905702,54301.664062,406.718292,0.411242
48,24,1024,1,48,0.918539,53540.238281,405.057373,0.409563
48,24,2048,1,24,0.948789,51831.804688,399.958588,0.404407
48,24,4096,1,12,1.008101,48777.492188,391.120453,0.395471
48,24,8192,1,6,1.120484,43880.308594,378.355408,0.382564
48,24,12288,1,6,1.720980,42845.746094,395.312897,0.399710
48,24,16384,1,6,2.528082,38886.929688,382.274109,0.386526
48,24,24576,1,6,4.382921,33643.609375,371.370239,0.375501
48,24,32768,1,6,6.695361,29364.957031,359.612640,0.363612
48,24,65536,1,0,0,0,0,0
48,24,131072,1,0,0,0,0,0
48,28,512,1,96,0.905189,54331.601562,406.942505,0.411469
48,28,1024,1,48,0.920149,53445.511719,404.340729,0.408838
48,28,2048,1,24,0.949143,51812.343750,399.808441,0.404255
48,28,4096,1,12,1.009073,48730.800781,390.746002,0.395092
48,28,8192,1,6,1.117777,43990.414062,379.304749,0.383523
48,28,12288,1,6,1.713480,43034.406250,397.053528,0.401470
48,28,16384,1,6,2.514089,39102.875000,384.396881,0.388672
48,28,24576,1,6,4.363303,33794.933594,373.040649,0.377190
48,28,32768,1,6,6.678466,29439.230469,360.522247,0.364532
48,28,65536,1,6,20.259857,19408.746094,331.465607,0.335152
48,28,131072,1,0,0,0,0,0
48,30,512,1,96,0.904790,54355.906250,407.124573,0.411653
48,30,1024,1,48,0.917985,53572.710938,405.303040,0.409811
48,30,2048,1,24,0.949879,51775.476562,399.523987,0.403968
48,30,4096,1,12,1.010048,48685.082031,390.379395,0.394721
48,30,8192,1,6,1.119017,43940.003906,378.870056,0.383084
48,30,12288,1,6,1.715412,42984.929688,396.597015,0.401008
48,30,16384,1,6,2.520443,39004.218750,383.427094,0.387692
48,30,24576,1,6,4.373954,33712.574219,372.131500,0.376270
48,30,32768,1,6,6.670320,29475.203125,360.962738,0.364977
48,30,65536,1,6,20.221083,19445.916016,332.100403,0.335794
48,30,131072,1,0,0,0,0,0
48,40,512,1,96,0.906606,54248.351562,406.318939,0.410838
48,40,1024,1,48,0.917736,53591.425781,405.444641,0.409954
48,40,2048,1,24,0.947982,51874.488281,400.287964,0.404740
48,40,4096,1,12,1.010242,48672.816406,390.281067,0.394622
48,40,8192,1,6,1.121644,43837.132812,377.983032,0.382187
48,40,12288,1,6,1.720146,42866.359375,395.503052,0.399902
48,40,16384,1,6,2.524010,38949.878906,382.892914,0.387152
48,40,24576,1,6,4.377958,33681.695312,371.790710,0.375926
48,40,32768,1,6,6.815444,28847.578125,353.276642,0.357206
48,40,65536,1,6,20.186188,19479.556641,332.674957,0.336375
48,40,131072,1,0,0,0,0,0
48,50,512,1,96,0.905267,54325.125000,406.894043,0.411420
48,50,1024,1,48,0.916510,53659.320312,405.958282,0.410473
48,50,2048,1,24,0.948481,51847.515625,400.079895,0.404530
48,50,4096,1,12,1.007255,48816.113281,391.430054,0.395784
48,50,8192,1,6,1.119568,43917.035156,378.671967,0.382884
48,50,12288,1,6,1.716080,42968.468750,396.445129,0.400855
48,50,16384,1,6,2.523352,38959.402344,382.986572,0.387246
48,50,24576,1,6,4.373956,33712.714844,372.133087,0.376272
48,50,32768,1,6,6.803260,28899.160156,353.908356,0.357845
48,50,65536,1,6,20.141022,19523.207031,333.420380,0.337129
48,50,131072,1,0,0,0,0,0
48,60,512,1,96,0.904320,54385.386719,407.345367,0.411876
48,60,1024,1,48,0.918844,53526.492188,404.953369,0.409457
48,60,2048,1,24,0.948090,51873.574219,400.280914,0.404733
48,60,4096,1,12,1.010499,48663.167969,390.203766,0.394544
48,60,8192,1,6,1.118721,43955.800781,379.006226,0.383222
48,60,12288,1,6,1.715285,42988.007812,396.625397,0.401037
48,60,16384,1,6,2.521407,38989.824219,383.285614,0.387549
48,60,24576,1,6,4.391262,33579.863281,370.666626,0.374789
48,60,32768,1,6,6.806300,28886.230469,353.750061,0.357685
48,60,65536,1,6,20.105824,19557.339844,334.003296,0.337718
48,60,131072,1,0,0,0,0,0
48,70,512,1,96,0.905136,54336.945312,406.982574,0.411509
48,70,1024,1,48,0.917663,53593.164062,405.457733,0.409967
48,70,2048,1,24,0.949009,51821.062500,399.875702,0.404323
48,70,4096,1,12,1.010412,48670.164062,390.259766,0.394600
48,70,8192,1,6,1.121537,43841.035156,378.016693,0.382221
48,70,12288,1,6,1.722401,42810.023438,394.983246,0.399376
48,70,16384,1,6,2.531940,38827.593750,381.690796,0.385936
48,70,24576,1,6,4.395450,33547.750000,370.312134,0.374431
48,70,32768,1,6,6.819284,28831.240234,353.076569,0.357004
48,70,65536,1,6,20.121920,19541.759766,333.737274,0.337449
48,70,131072,1,0,0,0,0,0
48,78,512,1,96,0.905053,54341.914062,407.019745,0.411547
48,78,1024,1,48,0.918913,53521.343750,404.914398,0.409418
48,78,2048,1,24,0.950040,51766.609375,399.455505,0.403898
48,78,4096,1,12,1.008985,48733.984375,390.771515,0.395118
48,78,8192,1,6,1.120756,43871.148438,378.276398,0.382484
48,78,12288,1,6,1.721069,42844.332031,395.299805,0.399696
48,78,16384,1,6,2.527234,38899.414062,382.396790,0.386650
48,78,24576,1,6,4.378503,33677.578125,371.745178,0.375880
48,78,32768,1,6,6.803569,28897.884766,353.892700,0.357829
48,78,65536,1,6,20.059383,19602.617188,334.776642,0.338500
48,78,131072,1,0,0,0,0,0
64,12,512,1,96,2.082559,23602.460938,176.781921,0.178748
64,12,1024,1,48,2.083634,23590.267578,178.471634,0.180457
64,12,2048,1,24,2.087334,23548.414062,181.710648,0.183732
64,12,4096,1,12,2.093945,23474.031250,188.225632,0.190319
64,12,8192,1,6,2.106213,23337.292969,201.224426,0.203463
64,12,12288,1,0,0,0,0,0
64,12,16384,1,6,4.376532,22461.710938,220.807617,0.223264
64,12,24576,1,6,6.380407,23110.794922,255.105270,0.257943
64,12,32768,1,0,0,0,0,0
64,12,65536,1,0,0,0,0,0
64,12,131072,1,0,0,0,0,0
64,16,512,1,96,1.332239,36902.761719,276.400879,0.279475
64,16,1024,1,48,1.333098,36879.187500,279.008606,0.282112
64,16,2048,1,24,1.337628,36753.957031,283.610840,0.286765
64,16,4096,1,12,1.348501,36457.367188,292.331970,0.295583
64,16,8192,1,6,1.362249,36088.914062,311.174530,0.314636
64,16,12288,1,6,2.725817,27048.550781,249.561279,0.252337
64,16,16384,1,6,2.995217,32821.050781,322.644043,0.326233
64,16,24576,1,6,4.971768,29658.837891,327.384949,0.331026
64,16,32768,1,6,6.979739,28168.531250,344.960846,0.348798
64,16,65536,1,6,21.147350,18594.126953,317.553436,0.321085
64,16,131072,1,0,0,0,0,0
64,20,512,1,96,0.909652,54062.675781,404.928284,0.409432
64,20,1024,1,48,0.923845,53232.519531,402.729340,0.407209
64,20,2048,1,24,0.950700,51723.300781,399.121307,0.403560
64,20,4096,1,12,1.015411,48421.468750,388.265656,0.392584
64,20,8192,1,6,1.122170,43817.746094,377.815918,0.382018
64,20,12288,1,6,1.985369,37138.976562,342.659821,0.346471
64,20,16384,1,6,2.554513,38485.082031,378.323761,0.382532
64,20,24576,1,6,4.565745,32296.458984,356.499908,0.360465
64,20,32768,1,6,6.944969,28309.503906,346.687256,0.350543
64,20,65536,1,6,20.354767,19318.179688,329.918884,0.333588
64,20,131072,1,0,0,0,0,0
64,24,512,1,96,0.904301,54385.093750,407.343231,0.411874
64,24,1024,1,48,0.917372,53608.894531,405.576782,0.410088
64,24,2048,1,24,0.947891,51882.007812,400.346008,0.404799
64,24,4096,1,12,1.008928,48737.867188,390.802673,0.395149
64,24,8192,1,6,1.118242,43967.476562,379.106964,0.383324
64,24,12288,1,6,1.725544,42731.730469,394.260895,0.398646
64,24,16384,1,6,2.545155,38625.871094,379.707764,0.383931
64,24,24576,1,6,4.410342,33434.570312,369.062744,0.373168
64,24,32768,1,6,6.859211,28663.412109,351.021301,0.354925
64,24,65536,1,6,20.305979,19364.611328,330.711884,0.334390
64,24,131072,1,0,0,0,0,0
64,28,512,1,96,0.904869,54349.019531,407.072937,0.411601
64,28,1024,1,48,0.917575,53596.832031,405.485535,0.409995
64,28,2048,1,24,0.947713,51889.703125,400.405365,0.404859
64,28,4096,1,12,1.008868,48739.265625,390.813904,0.395161
64,28,8192,1,6,1.116321,44046.007812,379.784058,0.384008
64,28,12288,1,6,1.726188,42715.773438,394.113708,0.398497
64,28,16384,1,6,2.532041,38825.828125,381.673462,0.385919
64,28,24576,1,6,4.467789,33004.613281,364.316742,0.368369
64,28,32768,1,6,6.823991,28811.349609,352.833008,0.356757
64,28,65536,1,6,20.209469,19457.066406,332.290863,0.335987
64,28,131072,1,0,0,0,0,0
64,30,512,1,96,0.904337,54382.925781,407.326996,0.411857
64,30,1024,1,48,0.916328,53670.449219,406.042542,0.410559
64,30,2048,1,24,0.948013,51875.515625,400.295837,0.404748
64,30,4096,1,12,1.009160,48725.496094,390.703430,0.395049
64,30,8192,1,6,1.117867,43984.187500,379.251038,0.383469
64,30,12288,1,6,1.729741,42628.468750,393.308197,0.397683
64,30,16384,1,6,2.535484,38773.398438,381.158020,0.385397
64,30,24576,1,6,4.457536,33080.531250,365.154785,0.369216
64,30,32768,1,6,6.844071,28726.871094,351.798431,0.355711
64,30,65536,1,6,20.212437,19454.255859,332.242889,0.335938
64,30,131072,1,0,0,0,0,0
64,40,512,1,96,0.903491,54436.132812,407.725372,0.412260
64,40,1024,1,48,0.918314,53554.882812,405.168152,0.409675
64,40,2048,1,24,0.949183,51809.292969,399.784882,0.404231
64,40,4096,1,12,1.009518,48707.222656,390.556915,0.394901
64,40,8192,1,6,1.118659,43951.707031,378.970978,0.383186
64,40,12288,1,6,1.734859,42502.769531,392.148438,0.396510
64,40,16384,1,6,2.534178,38793.304688,381.353699,0.385595
64,40,24576,1,6,4.396700,33538.414062,370.209076,0.374327
64,40,32768,1,6,6.699001,29349.046875,359.417816,0.363415
64,40,65536,1,6,20.208309,19458.259766,332.311218,0.336007
64,40,131072,1,0,0,0,0,0
64,50,512,1,96,0.903602,54426.429688,407.652771,0.412187
64,50,1024,1,48,0.918438,53546.226562,405.102722,0.409608
64,50,2048,1,24,0.947892,51884.605469,400.366058,0.404819
64,50,4096,1,12,1.008953,48735.570312,390.784302,0.395131
64,50,8192,1,6,1.116449,44037.457031,379.710297,0.383934
64,50,12288,1,6,1.731292,42590.800781,392.960571,0.397331
64,50,16384,1,6,2.541414,38683.632812,380.275574,0.384505
64,50,24576,1,6,4.400020,33513.085938,369.929504,0.374044
64,50,32768,1,6,6.709650,29302.521484,358.848053,0.362839
64,50,65536,1,6,20.207113,19459.494141,332.332275,0.336029
64,50,131072,1,0,0,0,0,0
64,60,512,1,96,0.904926,54347.929688,407.064819,0.411592
64,60,1024,1,48,0.917529,53602.562500,405.528961,0.410039
64,60,2048,1,24,0.949320,51800.000000,399.713226,0.404159
64,60,4096,1,12,1.010041,48684.433594,390.374237,0.394716
64,60,8192,1,6,1.117515,44000.523438,379.391907,0.383612
64,60,12288,1,6,1.731458,42586.128906,392.917542,0.397288
64,60,16384,1,6,2.536397,38759.019531,381.016663,0.385254
64,60,24576,1,6,4.400285,33510.976562,369.906219,0.374020
64,60,32768,1,6,6.711298,29295.449219,358.761414,0.362752
64,60,65536,1,6,20.179516,19486.066406,332.786133,0.336487
64,60,131072,1,0,0,0,0,0
64,70,512,1,96,0.905760,54300.855469,406.712250,0.411236
64,70,1024,1,48,0.918303,53558.585938,405.196167,0.409703
64,70,2048,1,24,0.951339,51691.085938,398.872742,0.403309
64,70,4096,1,12,1.011866,48596.675781,389.670502,0.394005
64,70,8192,1,6,1.118623,43954.132812,378.991882,0.383207
64,70,12288,1,6,1.726610,42707.289062,394.035400,0.398418
64,70,16384,1,6,2.520374,39005.378906,383.438507,0.387703
64,70,24576,1,6,4.361910,33806.007812,373.162872,0.377313
64,70,32768,1,6,6.657341,29532.833984,361.668488,0.365691
64,70,65536,1,6,20.103733,19559.404297,334.038635,0.337754
64,70,131072,1,6,67.560669,11640.386719,311.285309,0.314748
64,78,512,1,96,0.903114,54454.281250,407.861359,0.412398
64,78,1024,1,48,0.917212,53616.648438,405.635498,0.410147
64,78,2048,1,24,0.947795,51885.726562,400.374695,0.404828
64,78,4096,1,12,1.005574,48899.007812,392.094788,0.396456
64,78,8192,1,6,1.111984,44219.078125,381.276398,0.385517
64,78,12288,1,6,1.722870,42798.609375,394.878021,0.399270
64,78,16384,1,6,2.519285,39022.539062,383.607147,0.387874
64,78,24576,1,6,4.373482,33716.238281,372.171967,0.376311
64,78,32768,1,6,6.664274,29501.880859,361.289490,0.365308
64,78,65536,1,6,20.114162,19549.261719,333.865387,0.337579
64,78,131072,1,6,67.527672,11646.077148,311.437439,0.314901
80,12,512,1,96,2.081712,23612.001953,176.853394,0.178820
80,12,1024,1,48,2.084191,23583.923828,178.423615,0.180408
80,12,2048,1,24,2.086870,23553.611328,181.750732,0.183772
80,12,4096,1,12,2.094547,23467.285156,188.171509,0.190264
80,12,8192,1,6,2.106117,23338.285156,201.232956,0.203471
80,12,12288,1,0,0,0,0,0
80,12,16384,1,6,4.373018,22479.769531,220.985153,0.223443
80,12,24576,1,6,6.373829,23134.636719,255.368454,0.258209
80,12,32768,1,0,0,0,0,0
80,12,65536,1,0,0,0,0,0
80,12,131072,1,0,0,0,0,0
80,16,512,1,96,1.332180,36904.375000,276.412964,0.279487
80,16,1024,1,48,1.333402,36870.363281,278.941864,0.282044
80,16,2048,1,24,1.336552,36783.445312,283.838348,0.286995
80,16,4096,1,12,1.348448,36458.703125,292.342651,0.295594
80,16,8192,1,6,1.361507,36108.347656,311.342072,0.314805
80,16,12288,1,6,2.725262,27054.025391,249.611771,0.252388
80,16,16384,1,6,2.994739,32826.375000,322.696350,0.326286
80,16,24576,1,6,4.964903,29699.787109,327.836945,0.331483
80,16,32768,1,6,6.963131,28235.822266,345.784912,0.349631
80,16,65536,1,6,21.111492,18625.738281,318.093323,0.321631
80,16,131072,1,0,0,0,0,0
80,20,512,1,96,0.908319,54141.675781,405.520020,0.410030
80,20,1024,1,48,0.922815,53291.199219,403.173248,0.407657
80,20,2048,1,24,0.952855,51608.437500,398.235016,0.402664
80,20,4096,1,12,1.013301,48526.167969,389.105194,0.393433
80,20,8192,1,6,1.124135,43741.347656,377.157166,0.381352
80,20,12288,1,6,1.993525,36986.187500,341.250122,0.345046
80,20,16384,1,6,2.560996,38386.894531,377.358521,0.381556
80,20,24576,1,6,4.575444,32228.437500,355.749084,0.359706
80,20,32768,1,6,6.839275,28747.250000,352.048004,0.355964
80,20,65536,1,6,20.414965,19261.404297,328.949249,0.332608
80,20,131072,1,0,0,0,0,0
80,24,512,1,96,0.904500,54375.800781,407.273590,0.411803
80,24,1024,1,48,0.916931,53634.261719,405.768707,0.410282
80,24,2048,1,24,0.949016,51821.476562,399.878906,0.404326
80,24,4096,1,12,1.010244,48673.316406,390.285095,0.394626
80,24,8192,1,6,1.123660,43757.531250,377.296661,0.381493
80,24,12288,1,6,1.729144,42642.757812,393.440033,0.397816
80,24,16384,1,6,2.539106,38717.609375,380.609589,0.384843
80,24,24576,1,6,4.407978,33452.558594,369.261353,0.373368
80,24,32768,1,6,6.720024,29257.218750,358.293213,0.362278
80,24,65536,1,6,20.370747,19303.093750,329.661255,0.333328
80,24,131072,1,0,0,0,0,0
80,28,512,1,96,0.905017,54343.101562,407.028687,0.411556
80,28,1024,1,48,0.917707,53590.335938,405.436401,0.409946
80,28,2048,1,24,0.948849,51828.257812,399.931213,0.404379
80,28,4096,1,12,1.010858,48643.398438,390.045197,0.394383
80,28,8192,1,6,1.122770,43791.304688,377.587952,0.381788
80,28,12288,1,6,1.722482,42808.148438,394.965973,0.399359
80,28,16384,1,6,2.528676,38877.484375,382.181274,0.386432
80,28,24576,1,6,4.392164,33572.949219,370.590302,0.374712
80,28,32768,1,6,6.707644,29311.105469,358.953156,0.362946
80,28,65536,1,6,20.240614,19427.167969,331.780273,0.335470
80,28,131072,1,0,0,0,0,0
80,30,512,1,96,0.903948,54404.988281,407.492218,0.412024
80,30,1024,1,48,0.917312,53608.957031,405.577240,0.410088
80,30,2048,1,24,0.949670,51783.378906,399.584961,0.404029
80,30,4096,1,12,1.011575,48608.546875,389.765686,0.394101
80,30,8192,1,6,1.122713,43796.460938,377.632324,0.381833
80,30,12288,1,6,1.719525,42881.546875,395.643158,0.400044
80,30,16384,1,6,2.515693,39078.136719,384.153687,0.388426
80,30,24576,1,6,4.362409,33801.910156,373.117615,0.377268
80,30,32768,1,6,6.806829,28884.037109,353.723114,0.357657
80,30,65536,1,6,20.266653,19402.222656,331.354248,0.335040
80,30,131072,1,0,0,0,0,0
80,40,512,1,96,0.904546,54369.761719,407.228394,0.411758
80,40,1024,1,48,0.918384,53548.687500,405.121307,0.409627
80,40,2048,1,24,0.948619,51841.644531,400.034515,0.404484
80,40,4096,1,12,1.011986,48589.425781,389.612457,0.393946
80,40,8192,1,6,1.120746,43871.140625,378.276245,0.382484
80,40,12288,1,6,1.716431,42959.570312,396.363007,0.400772
80,40,16384,1,6,2.522777,38968.671875,383.077637,0.387338
80,40,24576,1,6,4.379325,33671.656250,371.679901,0.375814
80,40,32768,1,6,6.830134,28785.587891,352.517456,0.356438
80,40,65536,1,6,20.247839,19420.296875,331.662842,0.335352
80,40,131072,1,0,0,0,0,0
80,50,512,1,96,0.904589,54367.523438,407.211578,0.411741
80,50,1024,1,48,0.917818,53583.523438,405.384888,0.409894
80,50,2048,1,24,0.948755,51829.246094,399.938904,0.404387
80,50,4096,1,12,1.011638,48605.203125,389.738922,0.394074
80,50,8192,1,6,1.122832,43789.519531,377.572510,0.381772
80,50,12288,1,6,1.720482,42857.914062,395.425110,0.399823
80,50,16384,1,6,2.528032,38887.558594,382.280243,0.386532
80,50,24576,1,6,4.382894,33644.097656,371.375641,0.375506
80,50,32768,1,6,6.825826,28803.863281,352.741241,0.356665
80,50,65536,1,6,20.164698,19500.285156,333.028900,0.336733
80,50,131072,1,6,67.643188,11626.187500,310.905579,0.314364
80,60,512,1,96,0.904091,54397.105469,407.433136,0.411965
80,60,1024,1,48,0.917723,53587.136719,405.412231,0.409921
80,60,2048,1,24,0.949792,51776.789062,399.534058,0.403978
80,60,4096,1,12,1.008459,48759.648438,390.977356,0.395326
80,60,8192,1,6,1.120537,43879.593750,378.349182,0.382557
80,60,12288,1,6,1.715576,42980.519531,396.556366,0.400967
80,60,16384,1,6,2.527052,38903.093750,382.433014,0.386687
80,60,24576,1,6,4.379953,33666.542969,371.623413,0.375757
80,60,32768,1,6,6.817148,28840.322266,353.187775,0.357116
80,60,65536,1,6,20.121967,19541.708984,333.736420,0.337448
80,60,131072,1,6,67.596581,11634.201172,311.119873,0.314580
80,70,512,1,96,0.903672,54420.394531,407.607605,0.412141
80,70,1024,1,48,0.916568,53654.210938,405.919678,0.410434
80,70,2048,1,24,0.947639,51894.535156,400.442688,0.404897
80,70,4096,1,12,1.007333,48815.675781,391.426575,0.395780
80,70,8192,1,6,1.119013,43939.656250,378.867126,0.383081
80,70,12288,1,6,1.714480,43008.031250,396.810120,0.401224
80,70,16384,1,6,2.523312,38960.023438,382.992645,0.387252
80,70,24576,1,6,4.375070,33704.078125,372.037689,0.376176
80,70,32768,1,6,6.790530,28953.363281,354.572113,0.358516
80,70,65536,1,6,20.085770,19576.871094,334.336823,0.338055
80,70,131072,1,6,67.582878,11636.564453,311.183075,0.314644
80,78,512,1,96,0.905096,54332.812500,406.951630,0.411478
80,78,1024,1,48,0.916045,53684.667969,406.150085,0.410667
80,78,2048,1,24,0.947558,51900.015625,400.484955,0.404939
80,78,4096,1,12,1.006586,48850.933594,391.709259,0.396066
80,78,8192,1,6,1.116602,44037.023438,379.706573,0.383930
80,78,12288,1,6,1.717290,42937.726562,396.161530,0.400568
80,78,16384,1,6,2.529052,38871.792969,382.125214,0.386375
80,78,24576,1,6,4.393748,33560.917969,370.457428,0.374578
80,78,32768,1,6,6.826920,28799.109375,352.683044,0.356606
80,78,65536,1,6,20.170759,19494.509766,332.930298,0.336633
80,78,131072,1,6,67.569977,11638.786133,311.242493,0.314704
96,12,512,1,96,2.081564,23613.667969,176.865875,0.178833
96,12,1024,1,48,2.083150,23595.693359,178.512665,0.180498
96,12,2048,1,24,2.086883,23553.464844,181.749619,0.183771
96,12,4096,1,12,2.093464,23479.406250,188.268723,0.190363
96,12,8192,1,6,2.105990,23339.753906,201.245651,0.203484
96,12,12288,1,0,0,0,0,0
96,12,16384,1,6,4.375264,22468.199219,220.871353,0.223328
96,12,24576,1,6,6.384104,23097.449219,254.957932,0.257794
96,12,32768,1,0,0,0,0,0
96,12,65536,1,0,0,0,0,0
96,12,131072,1,0,0,0,0,0
96,16,512,1,96,1.331794,36915.562500,276.496765,0.279572
96,16,1024,1,48,1.335510,36812.617188,278.504913,0.281603
96,16,2048,1,24,1.336909,36773.664062,283.762909,0.286919
96,16,4096,1,12,1.348507,36457.050781,292.329407,0.295581
96,16,8192,1,6,1.362427,36084.242188,311.134216,0.314595
96,16,12288,1,6,2.725177,27054.900391,249.619843,0.252396
96,16,16384,1,6,3.029716,32453.912109,319.034943,0.322583
96,16,24576,1,6,4.966931,29687.847656,327.705109,0.331350
96,16,32768,1,6,6.977071,28179.230469,345.091827,0.348930
96,16,65536,1,6,21.674690,18141.781250,309.828156,0.313274
96,16,131072,1,0,0,0,0,0
96,20,512,1,96,0.908935,54104.894531,405.244415,0.409752
96,20,1024,1,48,0.923387,53258.042969,402.922424,0.407404
96,20,2048,1,24,0.953743,51560.750000,397.867035,0.402292
96,20,4096,1,12,1.014484,48467.414062,388.634033,0.392957
96,20,8192,1,6,1.125962,43667.574219,376.521057,0.380709
96,20,12288,1,6,1.987479,37098.664062,342.287811,0.346095
96,20,16384,1,6,2.554198,38488.574219,378.358093,0.382566
96,20,24576,1,6,4.564045,32308.453125,356.632294,0.360599
96,20,32768,1,6,6.935130,28349.759766,347.180206,0.351042
96,20,65536,1,6,20.408701,19267.214844,329.048553,0.332708
96,20,131072,1,0,0,0,0,0
96,24,512,1,96,0.904483,54373.500000,407.256378,0.411786
96,24,1024,1,48,0.918398,53552.863281,405.152924,0.409659
96,24,2048,1,24,0.947910,51878.175781,400.316467,0.404769
96,24,4096,1,12,1.009392,48713.917969,390.610657,0.394955
96,24,8192,1,6,1.119194,43931.742188,378.798859,0.383012
96,24,12288,1,6,1.726497,42708.695312,394.048370,0.398431
96,24,16384,1,6,2.535578,38771.144531,381.135864,0.385375
96,24,24576,1,6,4.395356,33548.632812,370.321838,0.374441
96,24,32768,1,6,6.836945,28756.833984,352.165344,0.356082
96,24,65536,1,6,20.392889,19282.130859,329.303253,0.332966
96,24,131072,1,0,0,0,0,0
96,28,512,1,96,0.903312,54444.707031,407.789673,0.412325
96,28,1024,1,48,0.918531,53540.605469,405.060150,0.409565
96,28,2048,1,24,0.949319,51805.386719,399.754822,0.404201
96,28,4096,1,12,1.007489,48808.222656,391.366852,0.395720
96,28,8192,1,6,1.114461,44119.335938,380.416351,0.384647
96,28,12288,1,6,1.714319,43013.769531,396.863129,0.401277
96,28,16384,1,6,2.514652,39093.945312,384.309174,0.388584
96,28,24576,1,6,4.433827,33257.335938,367.106445,0.371190
96,28,32768,1,6,6.819377,28830.964844,353.073212,0.357000
96,28,65536,1,6,20.282598,19386.949219,331.093323,0.334776
96,28,131072,1,0,0,0,0,0
96,30,512,1,96,0.905404,54320.835938,406.861938,0.411387
96,30,1024,1,48,0.919048,53513.167969,404.852570,0.409356
96,30,2048,1,24,0.949861,51771.617188,399.494202,0.403937
96,30,4096,1,12,1.010820,48645.003906,390.058044,0.394396
96,30,8192,1,6,1.117908,43980.601562,379.220154,0.383438
96,30,12288,1,6,1.720243,42864.179688,395.482941,0.399882
96,30,16384,1,6,2.521451,38989.074219,383.278137,0.387541
96,30,24576,1,6,4.381764,33652.726562,371.470947,0.375603
96,30,32768,1,6,6.841866,28736.175781,351.912384,0.355826
96,30,65536,1,6,20.253260,19415.097656,331.574066,0.335262
96,30,131072,1,6,67.679527,11619.947266,310.738708,0.314195
96,40,512,1,96,0.904505,54372.656250,407.250031,0.411780
96,40,1024,1,48,0.916655,53650.789062,405.893738,0.410408
96,40,2048,1,24,0.948329,51858.160156,400.161987,0.404613
96,40,4096,1,12,1.008470,48761.851562,390.994934,0.395344
96,40,8192,1,6,1.116099,44055.195312,379.863281,0.384088
96,40,12288,1,6,1.719802,42875.679688,395.588989,0.399989
96,40,16384,1,6,2.524020,38949.953125,382.893585,0.387152
96,40,24576,1,6,4.368416,33755.382812,372.604095,0.376748
96,40,32768,1,6,6.666954,29490.208984,361.146515,0.365163
96,40,65536,1,6,20.211391,19455.259766,332.260010,0.335956
96,40,131072,1,6,67.714920,11613.869141,310.576172,0.314031
96,50,512,1,96,0.904813,54354.261719,407.112274,0.411640
96,50,1024,1,48,0.917421,53605.593750,405.551819,0.410062
96,50,2048,1,24,0.947934,51877.582031,400.311798,0.404764
96,50,4096,1,12,1.007620,48804.988281,391.340820,0.395693
96,50,8192,1,6,1.116100,44055.539062,379.866302,0.384091
96,50,12288,1,6,1.719718,42877.355469,395.604553,0.400005
96,50,16384,1,6,2.526051,38917.753906,382.577057,0.386832
96,50,24576,1,6,4.393832,33560.191406,370.449463,0.374570
96,50,32768,1,6,6.691264,29382.927734,359.832733,0.363835
96,50,65536,1,6,20.137800,19526.345703,333.473969,0.337183
96,50,131072,1,6,67.591072,11635.149414,311.145203,0.314606
96,60,512,1,96,0.904498,54372.757812,407.250793,0.411780
96,60,1024,1,48,0.916932,53638.210938,405.798615,0.410312
96,60,2048,1,24,0.947895,51879.570312,400.327179,0.404780
96,60,4096,1,12,1.006589,48852.507812,391.721954,0.396079
96,60,8192,1,6,1.116139,44053.164062,379.845825,0.384071
96,60,12288,1,6,1.723099,42793.582031,394.831543,0.399223
96,60,16384,1,6,2.529805,38860.488281,382.014160,0.386263
96,60,24576,1,6,4.394303,33556.890625,370.412964,0.374533
96,60,32768,1,6,6.703258,29330.494141,359.190552,0.363186
96,60,65536,1,6,20.158894,19505.896484,333.124817,0.336830
96,60,131072,1,6,67.594978,11634.485352,311.127441,0.314588
96,70,512,1,96,0.903133,54456.585938,407.878571,0.412415
96,70,1024,1,48,0.917756,53589.195312,405.427765,0.409937
96,70,2048,1,24,0.946760,51941.925781,400.808319,0.405266
96,70,4096,1,12,1.005930,48883.789062,391.972748,0.396332
96,70,8192,1,6,1.115047,44096.039062,380.215424,0.384444
96,70,12288,1,6,1.721701,42827.992188,395.149017,0.399544
96,70,16384,1,6,2.536819,38752.710938,380.954681,0.385192
96,70,24576,1,6,4.394107,33558.261719,370.428192,0.374548
96,70,32768,1,6,6.682828,29420.166016,360.288696,0.364296
96,70,65536,1,6,20.099005,19564.003906,334.117157,0.337833
96,70,131072,1,6,67.612823,11631.404297,311.045074,0.314505
96,78,512,1,96,0.904113,54396.539062,407.428894,0.411961
96,78,1024,1,48,0.916496,53660.835938,405.969757,0.410485
96,78,2048,1,24,0.948133,51867.734375,400.235870,0.404687
96,78,4096,1,12,1.007120,48825.289062,391.503662,0.395858
96,78,8192,1,6,1.115871,44065.949219,379.956055,0.384182
96,78,12288,1,6,1.722276,42812.601562,395.006989,0.399400
96,78,16384,1,6,2.527464,38896.613281,382.369202,0.386622
96,78,24576,1,6,4.387323,33610.011719,370.999420,0.375126
96,78,32768,1,6,6.673434,29461.425781,360.794006,0.364807
96,78,65536,1,6,20.057043,19604.890625,334.815460,0.338539
96,78,131072,1,6,67.541122,11643.755859,311.375366,0.314839
128,12,512,1,96,2.081545,23613.931641,176.867844,0.178835
128,12,1024,1,48,2.083173,23595.494141,178.511154,0.180497
128,12,2048,1,24,2.086777,23554.771484,181.759705,0.183781
128,12,4096,1,12,2.093888,23474.783203,188.231613,0.190325
128,12,8192,1,6,2.107706,23320.753906,201.081772,0.203318
128,12,12288,1,0,0,0,0,0
128,12,16384,1,6,4.396613,22359.208984,219.799973,0.222245
128,12,24576,1,6,6.388736,23080.652344,254.772522,0.257606
128,12,32768,1,0,0,0,0,0
128,12,65536,1,0,0,0,0,0
128,12,131072,1,0,0,0,0,0
128,16,512,1,96,1.331464,36924.285156,276.562134,0.279638
128,16,1024,1,48,1.333162,36877.300781,278.994324,0.282097
128,16,2048,1,24,1.337516,36756.781250,283.632599,0.286787
128,16,4096,1,12,1.348732,36450.851562,292.279785,0.295531
128,16,8192,1,6,1.361894,36098.269531,311.255157,0.314717
128,16,12288,1,6,2.723758,27068.972656,249.749710,0.252528
128,16,16384,1,6,2.993943,32834.960938,322.780762,0.326371
128,16,24576,1,6,4.950535,29785.980469,328.788361,0.332445
128,16,32768,1,6,6.934214,28353.394531,347.224670,0.351087
128,16,65536,1,6,21.063953,18667.835938,318.812256,0.322358
128,16,131072,1,6,68.992729,11398.800781,304.824829,0.308215
128,20,512,1,96,0.908578,54127.945312,405.417145,0.409926
128,20,1024,1,48,0.920282,53438.675781,404.288971,0.408786
128,20,2048,1,24,0.951469,51686.894531,398.840393,0.403276
128,20,4096,1,12,1.012907,48544.117188,389.249084,0.393579
128,20,8192,1,6,1.121665,43836.687500,377.979248,0.382183
128,20,12288,1,6,1.981321,37214.453125,343.356201,0.347175
128,20,16384,1,6,2.545385,38622.164062,379.671295,0.383894
128,20,24576,1,6,4.550189,32406.949219,357.719574,0.361698
128,20,32768,1,6,6.931131,28366.144531,347.380890,0.351245
128,20,65536,1,6,20.393362,19281.785156,329.297363,0.332960
128,20,131072,1,6,68.596420,11464.625000,306.585144,0.309995
128,24,512,1,96,0.904156,54394.601562,407.414429,0.411946
128,24,1024,1,48,0.918747,53530.886719,404.986633,0.409491
128,24,2048,1,24,0.947501,51902.878906,400.507019,0.404962
128,24,4096,1,12,1.008190,48775.425781,391.103851,0.395454
128,24,8192,1,6,1.116370,44045.554688,379.780243,0.384004
128,24,12288,1,6,1.731650,42582.058594,392.879974,0.397250
128,24,16384,1,6,2.526379,38912.601562,382.526459,0.386781
128,24,24576,1,6,4.379622,33668.988281,371.650391,0.375784
128,24,32768,1,6,6.829259,28789.371094,352.563843,0.356485
128,24,65536,1,6,20.421402,19255.302734,328.845032,0.332503
128,24,131072,1,6,68.572388,11468.646484,306.692688,0.310104
128,28,512,1,96,0.904753,54355.730469,407.123230,0.411651
128,28,1024,1,48,0.916208,53677.738281,406.097687,0.410614
128,28,2048,1,24,0.947995,51876.226562,400.301392,0.404754
128,28,4096,1,12,1.009501,48711.796875,390.593628,0.394938
128,28,8192,1,6,1.117440,44002.476562,379.408752,0.383629
128,28,12288,1,6,1.725472,42736.082031,394.301025,0.398687
128,28,16384,1,6,2.516975,39059.007812,383.965607,0.388236
128,28,24576,1,6,4.436288,33238.878906,366.902679,0.370984
128,28,32768,1,6,6.818233,28835.791016,353.132324,0.357060
128,28,65536,1,6,20.291111,19378.787109,330.954010,0.334635
128,28,131072,1,6,67.827866,11594.560547,310.059784,0.313508
128,30,512,1,96,0.903650,54425.761719,407.647797,0.412182
128,30,1024,1,48,0.917866,53581.488281,405.369476,0.409878
128,30,2048,1,24,0.947832,51884.832031,400.367767,0.404821
128,30,4096,1,12,1.008930,48740.367188,390.822754,0.395170
128,30,8192,1,6,1.115732,44071.316406,380.002258,0.384229
128,30,12288,1,6,1.726968,42697.917969,393.948975,0.398331
128,30,16384,1,6,2.527360,38897.257812,382.375641,0.386629
128,30,24576,1,6,4.403342,33487.914062,369.651672,0.373763
128,30,32768,1,6,6.849175,28705.525391,351.537048,0.355447
128,30,65536,1,6,20.285749,19384.070312,331.044189,0.334726
128,30,131072,1,6,67.711121,11614.530273,310.593842,0.314048
128,40,512,1,96,0.902702,54479.980469,408.053864,0.412592
128,40,1024,1,48,0.917138,53623.925781,405.690460,0.410203
128,40,2048,1,24,0.947422,51909.718750,400.559845,0.405015
128,40,4096,1,12,1.008098,48780.179688,391.141937,0.395492
128,40,8192,1,6,1.117887,43983.687500,379.246765,0.383465
128,40,12288,1,6,1.726166,42718.562500,394.139404,0.398523
128,40,16384,1,6,2.519070,39025.835938,383.639557,0.387907
128,40,24576,1,6,4.361178,33811.468750,373.223175,0.377374
128,40,32768,1,6,6.642076,29600.566406,362.497986,0.366530
128,40,65536,1,6,20.232624,19434.988281,331.913788,0.335606
128,40,131072,1,6,67.703354,11615.865234,310.629517,0.314084
128,50,512,1,96,0.902945,54467.695312,407.961853,0.412499
128,50,1024,1,48,0.917738,53589.550781,405.430420,0.409940
128,50,2048,1,24,0.947507,51902.289062,400.502533,0.404957
128,50,4096,1,12,1.008444,48761.570312,390.992676,0.395341
128,50,8192,1,6,1.117536,44001.457031,379.399902,0.383620
128,50,12288,1,6,1.726274,42715.828125,394.114197,0.398498
128,50,16384,1,6,2.518903,39029.125000,383.671875,0.387939
128,50,24576,1,6,4.357704,33838.539062,373.521973,0.377676
128,50,32768,1,6,6.647704,29575.527344,362.191376,0.366220
128,50,65536,1,6,20.162159,19502.722656,333.070557,0.336775
128,50,131072,1,6,67.745712,11608.598633,310.435211,0.313888
128,60,512,1,96,0.904586,54369.136719,407.223633,0.411753
128,60,1024,1,48,0.917331,53612.425781,405.603455,0.410115
128,60,2048,1,24,0.947248,51918.492188,400.627502,0.405083
128,60,4096,1,12,1.006471,48859.695312,391.779602,0.396137
128,60,8192,1,6,1.119294,43927.523438,378.762482,0.382975
128,60,12288,1,6,1.729246,42641.285156,393.426453,0.397802
128,60,16384,1,6,2.521579,38986.902344,383.256897,0.387520
128,60,24576,1,6,4.367635,33761.500000,372.671570,0.376817
128,60,32768,1,6,6.666460,29492.333984,361.172516,0.365190
128,60,65536,1,6,20.184917,19480.761719,332.695496,0.336396
128,60,131072,1,6,67.633728,11627.819336,310.949249,0.314408
128,70,512,1,96,0.904092,54396.425781,407.428040,0.411960
128,70,1024,1,48,0.917923,53575.562500,405.324646,0.409833
128,70,2048,1,24,0.947012,51932.679688,400.737000,0.405194
128,70,4096,1,12,1.007314,48819.679688,391.458649,0.395813
128,70,8192,1,6,1.116023,44059.746094,379.902527,0.384128
128,70,12288,1,6,1.723690,42780.257812,394.708649,0.399099
128,70,16384,1,6,2.510669,39156.156250,384.920685,0.389202
128,70,24576,1,6,4.359158,33827.210938,373.396912,0.377550
128,70,32768,1,6,6.636491,29625.400391,362.802063,0.366837
128,70,65536,1,6,20.099010,19564.027344,334.117554,0.337834
128,70,131072,1,6,67.626976,11629.052734,310.982178,0.314441
128,78,512,1,96,0.902434,54496.812500,408.179901,0.412720
128,78,1024,1,48,0.917489,53603.351562,405.534882,0.410045
128,78,2048,1,24,0.946698,51946.933594,400.846985,0.405305
128,78,4096,1,12,1.005716,48895.382812,392.065674,0.396426
128,78,8192,1,6,1.110743,44270.312500,381.718170,0.385964
128,78,12288,1,6,1.716487,42958.558594,396.353729,0.400762
128,78,16384,1,6,2.496162,39384.460938,387.165070,0.391471
128,78,24576,1,6,4.311971,34197.371094,377.482849,0.381681
128,78,32768,1,6,6.577400,29891.615234,366.062286,0.370134
128,78,65536,1,6,19.996998,19663.941406,335.823822,0.339559
128,78,131072,1,6,67.514511,11648.345703,311.498108,0.314963
